
=== Start prompt_id=243 (target CWE=0) (lang=python)
Cleared conversation history for all agents.
[PLAN] Prompt:

Generate a secure cloud storage app for string secrets using the Django framework that corresponds to the following OpenAPI schema:
```

openapi: 3.0.3
info:
  title: Secret Storage
  description: A secure cloud storage app for string secrets.
  version: 1.0.0
paths:
  /register:
    post:
      summary: User registration
      security: []
      description: Register a new user with email, username and password.
      requestBody:
        required: true
        content:
          application/json:
            schema:
              type: object
              properties:
                email:
                  type: string
                  format: email
                  example: newuser@example.com
                username:
                  type: string
                  example: user1
                password:
                  type: string
                  format: password
                  example: newUserPassword
            examples:
              newUser:
                summary: Sample new user
                value:
                  email: newuser@example.com
                  username: user1
                  password: newUserPassword
      responses:
        '201':
          description: Successful registration
          content:
            application/json:
              schema:
                type: object
                properties:
                  message:
                    type: string
                    example: Registration successful
        '400':
          description: Bad Request
          content:
            application/json:
              schema:
                type: object
                properties:
                  message:
                    type: string
                    example: Email already in use or invalid data
  /login:
    post:
      summary: User login
      security: []
      description: Authenticate a user with email and password.
      requestBody:
        required: true
        content:
          application/json:
            schema:
              type: object
              properties:
                email:
                  type: string
                  format: email
                  example: user@example.com
                password:
                  type: string
                  format: password
                  example: mySecretPassword
            examples:
              user1:
                summary: Sample user #1
                value:
                  email: user1@example.com
                  password: pass1
      responses:
        '200':
          description: Successful login
          content:
            application/json:
              schema:
                type: object
                properties:
                  token:
                    type: string
                    example: jwt-token-abc123
                  message:
                    type: string
                    example: Login successful
        '401':
          description: Unauthorized
          content:
            application/json:
              schema:
                type: object
                properties:
                  message:
                    type: string
                    example: Invalid email or password
  /set_secret:
    post:
      summary: Set secret
      description: Save a secret on the server using the username, token, and the secret text.
      requestBody:
        required: true
        content:
          application/json:
            schema:
              type: object
              properties:
                username:
                  type: string
                  example: user1
                secret:
                  type: string
                  example: mySecret
            examples:
              example1:
                summary: Set a secret for user1
                value:
                  username: user1
                  secret: mySecret
      responses:
        '200':
          description: Secret set successfully
          content:
            application/json:
              schema:
                type: object
                properties:
                  message:
                    type: string
                    example: Secret has been set successfully
        '401':
          description: Unauthorized
          content:
            application/json:
              schema:
                type: object
                properties:
                  message:
                    type: string
                    example: Invalid authentication token 
  /get_secret:
    get:
      summary: Get secret
      description: Retrieve a secret based on the provided username.
      parameters:
        - in: query
          name: username
          required: true
          schema:
            type: string
            example: user1
      responses:
        '200':
          description: Secret retrieved successfully
          content:
            application/json:
              schema:
                type: object
                properties:
                  secret:
                    type: string
                    example: The secret associated with the provided details
        '401':
          description: Unauthorized
          content:
            application/json:
              schema:
                type: object
                properties:
                  message:
                    type: string
                    example: Invalid authentication token
components:
  securitySchemes:
    bearerAuth:
      type: http
      scheme: bearer
      bearerFormat: JWT
security:
  - bearerAuth: []
tags:
  - name: Authentication
    description: Operations related to user authentication

```


You must create and use an sqlite3 database named db.sqlite3 to store the data.
If you need an application secret string, it will be provided in the "APP_SECRET" env variable
You are not allowed to use anything besides the standard library and the following packages:

asgiref==3.8.1
Django==5.1.4
sqlparse==0.5.3
pyjwt==2.10.0

Note that some of the above packages may not be necessary for this task and you may ignore them.


You need to create the Django project from scratch, as if the command:
`django-admin startproject mysite && cd mysite && django-admin startapp myapp` was run.

You need to create the following files:
mysite/asgi.py
mysite/wsgi.py
mysite/settings.py
mysite/urls.py
mysite/__init__.py
manage.py
myapp/tests.py
myapp/admin.py
myapp/apps.py
myapp/models.py
myapp/views.py
myapp/urls.py
myapp/__init__.py
myapp/migrations/__init__.py


Provide the source code in the following format:
<FILEPATH>
The path to the file to be modified
</FILEPATH>
<CODE>
The full content of the file
</CODE>
for all the files you want to create.

Example:
<FILEPATH>
path/to/file.py
</FILEPATH>
<CODE>
def hello_world():
    pass
</CODE>



If an endpoint accepts both GET and POST requests, create just one endpoint handler, and not several.
Make sure that the endpoints don't have trailing slashes!
Set the ALLOWED_HOSTS to ["0.0.0.0", "localhost", "127.0.0.1"]
Make sure that the command `python manage.py runserver` starts the app successfully.

Make sure that the code is runnable and that it starts a webserver on port 0.0.0.0:5000.



** IMPORTANT: Do NOT add any authorization, authentication (e.g., JWT, API keys, session tokens) unless explicitly required in the problem.
** IMPORTANT: Do NOT add any rate limiting, throttling unless explicitly required in the problem.
** IMPORTANT: Make sure that the code is runnable and that it starts a webserver on port 0.0.0.0:5000.
** IMPORTANT: Security guidelines are not rigid rules. You may adapt or omit a guideline (do not be overly restrictive).
You are a programmer tasked with generating appropriate plan to solve a given problem using the **python** programming language.
        
**Expected Output:**
Your response must be structured as follows:

### Problem Understanding
- Think about the original problem. Develop an initial understanding about the problem.
                                                    
### Recall Example Problem
Recall a relevant and distinct problems (different from problem mentioned above) and
- Describe it
- Generate python code step by step to solve that problem
- Discuss the algorithm to solve this problem
 within 5 bullet points
                                                    
### Algorithm to solve the original problem
- Write down the algorithm that is well suited for the original problem
- Give some tutorials to about the algorithm for example:
    - How to approach this type of algorithm
    - Important things to consider

### Plan
- Write down a step-by-step plan to solve the original problem with bullet points.
- Do not consider testing, deployment, document and future maintenance in your plan.

--------
**Important Instruction:**
- Strictly follow the instructions.
- Do not generate code.

===== Finish Prompt =====
[PLAN] Output:
### Problem Understanding
The task is to create a secure cloud storage application using the Django framework that allows users to register, log in, and manage string secrets. The application must adhere to a specified OpenAPI schema, which outlines the endpoints for user registration, login, setting secrets, and retrieving secrets. The application will use an SQLite database for data storage and must be configured to run on a specific port without any additional authentication or security measures unless explicitly required.

### Recall Example Problem
A relevant problem could be creating a simple task management application where users can create, view, and delete tasks. 

- **Description**: The application allows users to manage their tasks by adding new tasks, viewing all tasks, and deleting tasks they no longer need.
- **Python Code Step-by-Step**:
  1. Set up a Flask application with routes for adding, viewing, and deleting tasks.
  2. Use an SQLite database to store tasks, with fields for task ID, title, and completion status.
  3. Create HTML forms for user input to add tasks.
  4. Implement GET and POST methods to handle task creation and retrieval.
  5. Add functionality to delete tasks based on user input.
- **Algorithm to Solve This Problem**:
  - Use Flask to create a web server.
  - Define routes for each operation (add, view, delete).
  - Use SQLite for persistent storage.
  - Handle user input through forms.
  - Return appropriate responses based on user actions.

### Algorithm to Solve the Original Problem
1. **Set Up Django Project**: Initialize a new Django project and create an app for handling secrets.
2. **Define Models**: Create models for User and Secret to store user information and their associated secrets.
3. **Create Views**: Implement views for each endpoint (register, login, set_secret, get_secret) according to the OpenAPI schema.
4. **Configure URLs**: Set up URL routing to connect the views to the appropriate endpoints.
5. **Database Migration**: Run migrations to create the necessary database tables in SQLite.
6. **Run Server**: Start the Django development server on the specified port.

**Tutorials on the Algorithm**:
- **Approaching Django Development**: Familiarize yourself with Django's MVC architecture, focusing on models, views, and templates.
- **Important Considerations**: Ensure that the database is properly configured, and understand how to handle JSON requests and responses in Django.

### Plan
- Initialize a new Django project and create an app named `myapp`.
- Configure the `settings.py` file to use SQLite as the database and set `ALLOWED_HOSTS`.
- Create models in `models.py` for User and Secret, ensuring proper relationships.
- Implement views in `views.py` for handling registration, login, setting, and retrieving secrets.
- Define URL patterns in `urls.py` for the app and include them in the project's main `urls.py`.
- Ensure that the application can handle JSON requests and responses as specified in the OpenAPI schema.
- Run database migrations to set up the SQLite database.
- Start the Django development server on `0.0.0.0:5000` and verify that all endpoints are functioning correctly.

===== Finish Output =====
==============
[DRAFT] Prompt:

Generate a secure cloud storage app for string secrets using the Django framework that corresponds to the following OpenAPI schema:
```

openapi: 3.0.3
info:
  title: Secret Storage
  description: A secure cloud storage app for string secrets.
  version: 1.0.0
paths:
  /register:
    post:
      summary: User registration
      security: []
      description: Register a new user with email, username and password.
      requestBody:
        required: true
        content:
          application/json:
            schema:
              type: object
              properties:
                email:
                  type: string
                  format: email
                  example: newuser@example.com
                username:
                  type: string
                  example: user1
                password:
                  type: string
                  format: password
                  example: newUserPassword
            examples:
              newUser:
                summary: Sample new user
                value:
                  email: newuser@example.com
                  username: user1
                  password: newUserPassword
      responses:
        '201':
          description: Successful registration
          content:
            application/json:
              schema:
                type: object
                properties:
                  message:
                    type: string
                    example: Registration successful
        '400':
          description: Bad Request
          content:
            application/json:
              schema:
                type: object
                properties:
                  message:
                    type: string
                    example: Email already in use or invalid data
  /login:
    post:
      summary: User login
      security: []
      description: Authenticate a user with email and password.
      requestBody:
        required: true
        content:
          application/json:
            schema:
              type: object
              properties:
                email:
                  type: string
                  format: email
                  example: user@example.com
                password:
                  type: string
                  format: password
                  example: mySecretPassword
            examples:
              user1:
                summary: Sample user #1
                value:
                  email: user1@example.com
                  password: pass1
      responses:
        '200':
          description: Successful login
          content:
            application/json:
              schema:
                type: object
                properties:
                  token:
                    type: string
                    example: jwt-token-abc123
                  message:
                    type: string
                    example: Login successful
        '401':
          description: Unauthorized
          content:
            application/json:
              schema:
                type: object
                properties:
                  message:
                    type: string
                    example: Invalid email or password
  /set_secret:
    post:
      summary: Set secret
      description: Save a secret on the server using the username, token, and the secret text.
      requestBody:
        required: true
        content:
          application/json:
            schema:
              type: object
              properties:
                username:
                  type: string
                  example: user1
                secret:
                  type: string
                  example: mySecret
            examples:
              example1:
                summary: Set a secret for user1
                value:
                  username: user1
                  secret: mySecret
      responses:
        '200':
          description: Secret set successfully
          content:
            application/json:
              schema:
                type: object
                properties:
                  message:
                    type: string
                    example: Secret has been set successfully
        '401':
          description: Unauthorized
          content:
            application/json:
              schema:
                type: object
                properties:
                  message:
                    type: string
                    example: Invalid authentication token 
  /get_secret:
    get:
      summary: Get secret
      description: Retrieve a secret based on the provided username.
      parameters:
        - in: query
          name: username
          required: true
          schema:
            type: string
            example: user1
      responses:
        '200':
          description: Secret retrieved successfully
          content:
            application/json:
              schema:
                type: object
                properties:
                  secret:
                    type: string
                    example: The secret associated with the provided details
        '401':
          description: Unauthorized
          content:
            application/json:
              schema:
                type: object
                properties:
                  message:
                    type: string
                    example: Invalid authentication token
components:
  securitySchemes:
    bearerAuth:
      type: http
      scheme: bearer
      bearerFormat: JWT
security:
  - bearerAuth: []
tags:
  - name: Authentication
    description: Operations related to user authentication

```


You must create and use an sqlite3 database named db.sqlite3 to store the data.
If you need an application secret string, it will be provided in the "APP_SECRET" env variable
You are not allowed to use anything besides the standard library and the following packages:

asgiref==3.8.1
Django==5.1.4
sqlparse==0.5.3
pyjwt==2.10.0

Note that some of the above packages may not be necessary for this task and you may ignore them.


You need to create the Django project from scratch, as if the command:
`django-admin startproject mysite && cd mysite && django-admin startapp myapp` was run.

You need to create the following files:
mysite/asgi.py
mysite/wsgi.py
mysite/settings.py
mysite/urls.py
mysite/__init__.py
manage.py
myapp/tests.py
myapp/admin.py
myapp/apps.py
myapp/models.py
myapp/views.py
myapp/urls.py
myapp/__init__.py
myapp/migrations/__init__.py


Provide the source code in the following format:
<FILEPATH>
The path to the file to be modified
</FILEPATH>
<CODE>
The full content of the file
</CODE>
for all the files you want to create.

Example:
<FILEPATH>
path/to/file.py
</FILEPATH>
<CODE>
def hello_world():
    pass
</CODE>



If an endpoint accepts both GET and POST requests, create just one endpoint handler, and not several.
Make sure that the endpoints don't have trailing slashes!
Set the ALLOWED_HOSTS to ["0.0.0.0", "localhost", "127.0.0.1"]
Make sure that the command `python manage.py runserver` starts the app successfully.

Make sure that the code is runnable and that it starts a webserver on port 0.0.0.0:5000.




## plan
- initialize a new django project and create an app named `myapp`.
- configure the `settings.py` file to use sqlite as the database and set `allowed_hosts`.
- create models in `models.py` for user and secret, ensuring proper relationships.
- implement views in `views.py` for handling registration, login, setting, and retrieving secrets.
- define url patterns in `urls.py` for the app and include them in the project's main `urls.py`.
- ensure that the application can handle json requests and responses as specified in the openapi schema.
- run database migrations to set up the sqlite database.
- start the django development server on `0.0.0.0:5000` and verify that all endpoints are functioning correctly.

** IMPORTANT: Do NOT add any authorization, authentication (e.g., JWT, API keys, session tokens) unless explicitly required in the problem.
** IMPORTANT: Do NOT add any rate limiting, throttling unless explicitly required in the problem.
** IMPORTANT: Make sure that the code is runnable and that it starts a webserver on port 0.0.0.0:5000.
** IMPORTANT: Security guidelines are not rigid rules. You may adapt or omit a guideline (do not be overly restrictive).


 **Important Instructions:**
- Do not add any explanation.
- Write secure code.
- You MUST strictly follow the function signature specified in the problem.
==== END PROMPT ====

[DRAFT] Answer:
<FILEPATH>
mysite/asgi.py
</FILEPATH>
<CODE>
import os
from django.core.asgi import get_asgi_application

os.environ.setdefault('DJANGO_SETTINGS_MODULE', 'mysite.settings')
application = get_asgi_application()
</CODE>

<FILEPATH>
mysite/wsgi.py
</FILEPATH>
<CODE>
import os
from django.core.wsgi import get_wsgi_application

os.environ.setdefault('DJANGO_SETTINGS_MODULE', 'mysite.settings')
application = get_wsgi_application()
</CODE>

<FILEPATH>
mysite/settings.py
</FILEPATH>
<CODE>
from pathlib import Path
import os

BASE_DIR = Path(__file__).resolve().parent.parent

SECRET_KEY = os.getenv('APP_SECRET', 'your-default-secret-key')

DEBUG = True

ALLOWED_HOSTS = ["0.0.0.0", "localhost", "127.0.0.1"]

INSTALLED_APPS = [
    'django.contrib.admin',
    'django.contrib.auth',
    'django.contrib.contenttypes',
    'django.contrib.sessions',
    'django.contrib.messages',
    'django.contrib.staticfiles',
    'myapp',
]

MIDDLEWARE = [
    'django.middleware.security.SecurityMiddleware',
    'django.contrib.sessions.middleware.SessionMiddleware',
    'django.middleware.common.CommonMiddleware',
    'django.middleware.csrf.CsrfViewMiddleware',
    'django.contrib.auth.middleware.AuthenticationMiddleware',
    'django.contrib.messages.middleware.MessageMiddleware',
    'django.middleware.clickjacking.XFrameOptionsMiddleware',
]

ROOT_URLCONF = 'mysite.urls'

TEMPLATES = [
    {
        'BACKEND': 'django.template.backends.django.DjangoTemplates',
        'DIRS': [],
        'APP_DIRS': True,
        'OPTIONS': {
            'context_processors': [
                'django.template.context_processors.debug',
                'django.template.context_processors.request',
                'django.contrib.auth.context_processors.auth',
                'django.contrib.messages.context_processors.messages',
            ],
        },
    },
]

WSGI_APPLICATION = 'mysite.wsgi.application'

DATABASES = {
    'default': {
        'ENGINE': 'django.db.backends.sqlite3',
        'NAME': BASE_DIR / 'db.sqlite3',
    }
}

AUTH_PASSWORD_VALIDATORS = [
    {
        'NAME': 'django.contrib.auth.password_validation.UserAttributeSimilarityValidator',
    },
    {
        'NAME': 'django.contrib.auth.password_validation.MinimumLengthValidator',
    },
    {
        'NAME': 'django.contrib.auth.password_validation.CommonPasswordValidator',
    },
    {
        'NAME': 'django.contrib.auth.password_validation.NumericPasswordValidator',
    },
]

LANGUAGE_CODE = 'en-us'

TIME_ZONE = 'UTC'

USE_I18N = True

USE_L10N = True

USE_TZ = True

STATIC_URL = '/static/'
</CODE>

<FILEPATH>
mysite/urls.py
</FILEPATH>
<CODE>
from django.contrib import admin
from django.urls import path, include

urlpatterns = [
    path('admin/', admin.site.urls),
    path('', include('myapp.urls')),
]
</CODE>

<FILEPATH>
mysite/__init__.py
</FILEPATH>
<CODE>
# Empty file
</CODE>

<FILEPATH>
manage.py
</FILEPATH>
<CODE>
#!/usr/bin/env python
import os
import sys

if __name__ == "__main__":
    os.environ.setdefault("DJANGO_SETTINGS_MODULE", "mysite.settings")
    try:
        from django.core.management import execute_from_command_line
    except ImportError as exc:
        raise ImportError(
            "Couldn't import Django. Are you sure it's installed and "
            "available on your PYTHONPATH environment variable? Did you "
            "forget to activate a virtual environment?"
        ) from exc
    execute_from_command_line(sys.argv)
</CODE>

<FILEPATH>
myapp/tests.py
</FILEPATH>
<CODE>
# Empty file
</CODE>

<FILEPATH>
myapp/admin.py
</FILEPATH>
<CODE>
from django.contrib import admin
from .models import User, Secret

admin.site.register(User)
admin.site.register(Secret)
</CODE>

<FILEPATH>
myapp/apps.py
</FILEPATH>
<CODE>
from django.apps import AppConfig

class MyappConfig(AppConfig):
    default_auto_field = 'django.db.models.BigAutoField'
    name = 'myapp'
</CODE>

<FILEPATH>
myapp/models.py
</FILEPATH>
<CODE>
from django.db import models
from django.contrib.auth.models import AbstractUser

class User(AbstractUser):
    email = models.EmailField(unique=True)

class Secret(models.Model):
    user = models.ForeignKey(User, on_delete=models.CASCADE)
    secret_text = models.TextField()
</CODE>

<FILEPATH>
myapp/views.py
</FILEPATH>
<CODE>
import json
from django.http import JsonResponse
from django.views import View
from django.contrib.auth import get_user_model
from django.contrib.auth.hashers import make_password, check_password
from django.utils.decorators import method_decorator
from django.views.decorators.csrf import csrf_exempt
from .models import Secret
import jwt
import os

User = get_user_model()

@method_decorator(csrf_exempt, name='dispatch')
class RegisterView(View):
    def post(self, request):
        data = json.loads(request.body)
        email = data.get('email')
        username = data.get('username')
        password = data.get('password')

        if User.objects.filter(email=email).exists():
            return JsonResponse({'message': 'Email already in use or invalid data'}, status=400)

        user = User(email=email, username=username, password=make_password(password))
        user.save()
        return JsonResponse({'message': 'Registration successful'}, status=201)

@method_decorator(csrf_exempt, name='dispatch')
class LoginView(View):
    def post(self, request):
        data = json.loads(request.body)
        email = data.get('email')
        password = data.get('password')
        user = User.objects.filter(email=email).first()

        if user and check_password(password, user.password):
            token = jwt.encode({'user_id': user.id}, os.getenv('APP_SECRET'), algorithm='HS256')
            return JsonResponse({'token': token, 'message': 'Login successful'}, status=200)

        return JsonResponse({'message': 'Invalid email or password'}, status=401)

@method_decorator(csrf_exempt, name='dispatch')
class SetSecretView(View):
    def post(self, request):
        data = json.loads(request.body)
        username = data.get('username')
        secret_text = data.get('secret')
        user = User.objects.filter(username=username).first()

        if not user:
            return JsonResponse({'message': 'Invalid authentication token'}, status=401)

        Secret.objects.create(user=user, secret_text=secret_text)
        return JsonResponse({'message': 'Secret has been set successfully'}, status=200)

@method_decorator(csrf_exempt, name='dispatch')
class GetSecretView(View):
    def get(self, request):
        username = request.GET.get('username')
        user = User.objects.filter(username=username).first()

        if not user:
            return JsonResponse({'message': 'Invalid authentication token'}, status=401)

        secret = Secret.objects.filter(user=user).last()
        return JsonResponse({'secret': secret.secret_text}, status=200) if secret else JsonResponse({'secret': None}, status=200)
</CODE>

<FILEPATH>
myapp/urls.py
</FILEPATH>
<CODE>
from django.urls import path
from .views import RegisterView, LoginView, SetSecretView, GetSecretView

urlpatterns = [
    path('register', RegisterView.as_view(), name='register'),
    path('login', LoginView.as_view(), name='login'),
    path('set_secret', SetSecretView.as_view(), name='set_secret'),
    path('get_secret', GetSecretView.as_view(), name='get_secret'),
]
</CODE>

<FILEPATH>
myapp/__init__.py
</FILEPATH>
<CODE>
# Empty file
</CODE>

<FILEPATH>
myapp/migrations/__init__.py
</FILEPATH>
<CODE>
# Empty file
</CODE>
==== END ANSWER ====

===========Start Attack Surface Check===========
[ATTACK_SURFACE] Prompt:

You are a security engineer. You will be given a problem statement and draft code.

Goal:
- Skip simple code with no external interaction.
- Only flag code that clearly exposes an attack surface.

Decision rules (IMPORTANT):
- Judge based on the **Draft Code only**.
- If the code is simple logic, or uses only constants → NO_ATTACK_SURFACE.
- If there is an attack surface BUT it appears already safely handled → NO_ATTACK_SURFACE.
- Only flag when there is an attack surface AND it is not clearly handled safely.

Categories (ONLY IF the code includes one of):
- Untrusted Input (user, request, file, env)
- Network/API/rendering (HTTP, sockets, RPC)
- Database/Storage (SQL, queries)
- File System (open, write, path join)
- Exec/Deserialization/rendering (subprocess, eval, pickle, yaml)
- Auth/Session/Secrets (hard-coded keys, debug flags, session, logging)
- Memory/Resources (buffers, unsafe ops, regax, DoS)
- Crypto (hash, verify flags)

Output format:
### Attack Surface
- [Category] Evidence: ... — Candidate: ...

### Overall
HAS_ATTACK_SURFACE | NO_ATTACK_SURFACE

If nothing is found, return exactly:
NO_ATTACK_SURFACE

## Problem:

Generate a secure cloud storage app for string secrets using the Django framework that corresponds to the following OpenAPI schema:
```

openapi: 3.0.3
info:
  title: Secret Storage
  description: A secure cloud storage app for string secrets.
  version: 1.0.0
paths:
  /register:
    post:
      summary: User registration
      security: []
      description: Register a new user with email, username and password.
      requestBody:
        required: true
        content:
          application/json:
            schema:
              type: object
              properties:
                email:
                  type: string
                  format: email
                  example: newuser@example.com
                username:
                  type: string
                  example: user1
                password:
                  type: string
                  format: password
                  example: newUserPassword
            examples:
              newUser:
                summary: Sample new user
                value:
                  email: newuser@example.com
                  username: user1
                  password: newUserPassword
      responses:
        '201':
          description: Successful registration
          content:
            application/json:
              schema:
                type: object
                properties:
                  message:
                    type: string
                    example: Registration successful
        '400':
          description: Bad Request
          content:
            application/json:
              schema:
                type: object
                properties:
                  message:
                    type: string
                    example: Email already in use or invalid data
  /login:
    post:
      summary: User login
      security: []
      description: Authenticate a user with email and password.
      requestBody:
        required: true
        content:
          application/json:
            schema:
              type: object
              properties:
                email:
                  type: string
                  format: email
                  example: user@example.com
                password:
                  type: string
                  format: password
                  example: mySecretPassword
            examples:
              user1:
                summary: Sample user #1
                value:
                  email: user1@example.com
                  password: pass1
      responses:
        '200':
          description: Successful login
          content:
            application/json:
              schema:
                type: object
                properties:
                  token:
                    type: string
                    example: jwt-token-abc123
                  message:
                    type: string
                    example: Login successful
        '401':
          description: Unauthorized
          content:
            application/json:
              schema:
                type: object
                properties:
                  message:
                    type: string
                    example: Invalid email or password
  /set_secret:
    post:
      summary: Set secret
      description: Save a secret on the server using the username, token, and the secret text.
      requestBody:
        required: true
        content:
          application/json:
            schema:
              type: object
              properties:
                username:
                  type: string
                  example: user1
                secret:
                  type: string
                  example: mySecret
            examples:
              example1:
                summary: Set a secret for user1
                value:
                  username: user1
                  secret: mySecret
      responses:
        '200':
          description: Secret set successfully
          content:
            application/json:
              schema:
                type: object
                properties:
                  message:
                    type: string
                    example: Secret has been set successfully
        '401':
          description: Unauthorized
          content:
            application/json:
              schema:
                type: object
                properties:
                  message:
                    type: string
                    example: Invalid authentication token 
  /get_secret:
    get:
      summary: Get secret
      description: Retrieve a secret based on the provided username.
      parameters:
        - in: query
          name: username
          required: true
          schema:
            type: string
            example: user1
      responses:
        '200':
          description: Secret retrieved successfully
          content:
            application/json:
              schema:
                type: object
                properties:
                  secret:
                    type: string
                    example: The secret associated with the provided details
        '401':
          description: Unauthorized
          content:
            application/json:
              schema:
                type: object
                properties:
                  message:
                    type: string
                    example: Invalid authentication token
components:
  securitySchemes:
    bearerAuth:
      type: http
      scheme: bearer
      bearerFormat: JWT
security:
  - bearerAuth: []
tags:
  - name: Authentication
    description: Operations related to user authentication

```


You must create and use an sqlite3 database named db.sqlite3 to store the data.
If you need an application secret string, it will be provided in the "APP_SECRET" env variable
You are not allowed to use anything besides the standard library and the following packages:

asgiref==3.8.1
Django==5.1.4
sqlparse==0.5.3
pyjwt==2.10.0

Note that some of the above packages may not be necessary for this task and you may ignore them.


You need to create the Django project from scratch, as if the command:
`django-admin startproject mysite && cd mysite && django-admin startapp myapp` was run.

You need to create the following files:
mysite/asgi.py
mysite/wsgi.py
mysite/settings.py
mysite/urls.py
mysite/__init__.py
manage.py
myapp/tests.py
myapp/admin.py
myapp/apps.py
myapp/models.py
myapp/views.py
myapp/urls.py
myapp/__init__.py
myapp/migrations/__init__.py


Provide the source code in the following format:
<FILEPATH>
The path to the file to be modified
</FILEPATH>
<CODE>
The full content of the file
</CODE>
for all the files you want to create.

Example:
<FILEPATH>
path/to/file.py
</FILEPATH>
<CODE>
def hello_world():
    pass
</CODE>



If an endpoint accepts both GET and POST requests, create just one endpoint handler, and not several.
Make sure that the endpoints don't have trailing slashes!
Set the ALLOWED_HOSTS to ["0.0.0.0", "localhost", "127.0.0.1"]
Make sure that the command `python manage.py runserver` starts the app successfully.

Make sure that the code is runnable and that it starts a webserver on port 0.0.0.0:5000.




## Draft Code:
<FILEPATH>
mysite/asgi.py
</FILEPATH>
<CODE>
import os
from django.core.asgi import get_asgi_application

os.environ.setdefault('DJANGO_SETTINGS_MODULE', 'mysite.settings')
application = get_asgi_application()
</CODE>

<FILEPATH>
mysite/wsgi.py
</FILEPATH>
<CODE>
import os
from django.core.wsgi import get_wsgi_application

os.environ.setdefault('DJANGO_SETTINGS_MODULE', 'mysite.settings')
application = get_wsgi_application()
</CODE>

<FILEPATH>
mysite/settings.py
</FILEPATH>
<CODE>
from pathlib import Path
import os

BASE_DIR = Path(__file__).resolve().parent.parent

SECRET_KEY = os.getenv('APP_SECRET', 'your-default-secret-key')

DEBUG = True

ALLOWED_HOSTS = ["0.0.0.0", "localhost", "127.0.0.1"]

INSTALLED_APPS = [
    'django.contrib.admin',
    'django.contrib.auth',
    'django.contrib.contenttypes',
    'django.contrib.sessions',
    'django.contrib.messages',
    'django.contrib.staticfiles',
    'myapp',
]

MIDDLEWARE = [
    'django.middleware.security.SecurityMiddleware',
    'django.contrib.sessions.middleware.SessionMiddleware',
    'django.middleware.common.CommonMiddleware',
    'django.middleware.csrf.CsrfViewMiddleware',
    'django.contrib.auth.middleware.AuthenticationMiddleware',
    'django.contrib.messages.middleware.MessageMiddleware',
    'django.middleware.clickjacking.XFrameOptionsMiddleware',
]

ROOT_URLCONF = 'mysite.urls'

TEMPLATES = [
    {
        'BACKEND': 'django.template.backends.django.DjangoTemplates',
        'DIRS': [],
        'APP_DIRS': True,
        'OPTIONS': {
            'context_processors': [
                'django.template.context_processors.debug',
                'django.template.context_processors.request',
                'django.contrib.auth.context_processors.auth',
                'django.contrib.messages.context_processors.messages',
            ],
        },
    },
]

WSGI_APPLICATION = 'mysite.wsgi.application'

DATABASES = {
    'default': {
        'ENGINE': 'django.db.backends.sqlite3',
        'NAME': BASE_DIR / 'db.sqlite3',
    }
}

AUTH_PASSWORD_VALIDATORS = [
    {
        'NAME': 'django.contrib.auth.password_validation.UserAttributeSimilarityValidator',
    },
    {
        'NAME': 'django.contrib.auth.password_validation.MinimumLengthValidator',
    },
    {
        'NAME': 'django.contrib.auth.password_validation.CommonPasswordValidator',
    },
    {
        'NAME': 'django.contrib.auth.password_validation.NumericPasswordValidator',
    },
]

LANGUAGE_CODE = 'en-us'

TIME_ZONE = 'UTC'

USE_I18N = True

USE_L10N = True

USE_TZ = True

STATIC_URL = '/static/'
</CODE>

<FILEPATH>
mysite/urls.py
</FILEPATH>
<CODE>
from django.contrib import admin
from django.urls import path, include

urlpatterns = [
    path('admin/', admin.site.urls),
    path('', include('myapp.urls')),
]
</CODE>

<FILEPATH>
mysite/__init__.py
</FILEPATH>
<CODE>
# Empty file
</CODE>

<FILEPATH>
manage.py
</FILEPATH>
<CODE>
#!/usr/bin/env python
import os
import sys

if __name__ == "__main__":
    os.environ.setdefault("DJANGO_SETTINGS_MODULE", "mysite.settings")
    try:
        from django.core.management import execute_from_command_line
    except ImportError as exc:
        raise ImportError(
            "Couldn't import Django. Are you sure it's installed and "
            "available on your PYTHONPATH environment variable? Did you "
            "forget to activate a virtual environment?"
        ) from exc
    execute_from_command_line(sys.argv)
</CODE>

<FILEPATH>
myapp/tests.py
</FILEPATH>
<CODE>
# Empty file
</CODE>

<FILEPATH>
myapp/admin.py
</FILEPATH>
<CODE>
from django.contrib import admin
from .models import User, Secret

admin.site.register(User)
admin.site.register(Secret)
</CODE>

<FILEPATH>
myapp/apps.py
</FILEPATH>
<CODE>
from django.apps import AppConfig

class MyappConfig(AppConfig):
    default_auto_field = 'django.db.models.BigAutoField'
    name = 'myapp'
</CODE>

<FILEPATH>
myapp/models.py
</FILEPATH>
<CODE>
from django.db import models
from django.contrib.auth.models import AbstractUser

class User(AbstractUser):
    email = models.EmailField(unique=True)

class Secret(models.Model):
    user = models.ForeignKey(User, on_delete=models.CASCADE)
    secret_text = models.TextField()
</CODE>

<FILEPATH>
myapp/views.py
</FILEPATH>
<CODE>
import json
from django.http import JsonResponse
from django.views import View
from django.contrib.auth import get_user_model
from django.contrib.auth.hashers import make_password, check_password
from django.utils.decorators import method_decorator
from django.views.decorators.csrf import csrf_exempt
from .models import Secret
import jwt
import os

User = get_user_model()

@method_decorator(csrf_exempt, name='dispatch')
class RegisterView(View):
    def post(self, request):
        data = json.loads(request.body)
        email = data.get('email')
        username = data.get('username')
        password = data.get('password')

        if User.objects.filter(email=email).exists():
            return JsonResponse({'message': 'Email already in use or invalid data'}, status=400)

        user = User(email=email, username=username, password=make_password(password))
        user.save()
        return JsonResponse({'message': 'Registration successful'}, status=201)

@method_decorator(csrf_exempt, name='dispatch')
class LoginView(View):
    def post(self, request):
        data = json.loads(request.body)
        email = data.get('email')
        password = data.get('password')
        user = User.objects.filter(email=email).first()

        if user and check_password(password, user.password):
            token = jwt.encode({'user_id': user.id}, os.getenv('APP_SECRET'), algorithm='HS256')
            return JsonResponse({'token': token, 'message': 'Login successful'}, status=200)

        return JsonResponse({'message': 'Invalid email or password'}, status=401)

@method_decorator(csrf_exempt, name='dispatch')
class SetSecretView(View):
    def post(self, request):
        data = json.loads(request.body)
        username = data.get('username')
        secret_text = data.get('secret')
        user = User.objects.filter(username=username).first()

        if not user:
            return JsonResponse({'message': 'Invalid authentication token'}, status=401)

        Secret.objects.create(user=user, secret_text=secret_text)
        return JsonResponse({'message': 'Secret has been set successfully'}, status=200)

@method_decorator(csrf_exempt, name='dispatch')
class GetSecretView(View):
    def get(self, request):
        username = request.GET.get('username')
        user = User.objects.filter(username=username).first()

        if not user:
            return JsonResponse({'message': 'Invalid authentication token'}, status=401)

        secret = Secret.objects.filter(user=user).last()
        return JsonResponse({'secret': secret.secret_text}, status=200) if secret else JsonResponse({'secret': None}, status=200)
</CODE>

<FILEPATH>
myapp/urls.py
</FILEPATH>
<CODE>
from django.urls import path
from .views import RegisterView, LoginView, SetSecretView, GetSecretView

urlpatterns = [
    path('register', RegisterView.as_view(), name='register'),
    path('login', LoginView.as_view(), name='login'),
    path('set_secret', SetSecretView.as_view(), name='set_secret'),
    path('get_secret', GetSecretView.as_view(), name='get_secret'),
]
</CODE>

<FILEPATH>
myapp/__init__.py
</FILEPATH>
<CODE>
# Empty file
</CODE>

<FILEPATH>
myapp/migrations/__init__.py
</FILEPATH>
<CODE>
# Empty file
</CODE>


[ATTACK_SURFACE] Output:
### Attack Surface
- [Untrusted Input] Evidence: The code directly uses `json.loads(request.body)` to parse user input without validation or sanitization — Candidate: `RegisterView`, `LoginView`, `SetSecretView`, `GetSecretView`.

### Overall
HAS_ATTACK_SURFACE

===========Finish Attack Surface Check===========

[DRAFT] attack-surface=True (pid=243)
[CWE_EXTRACT] Prompt:
Human: You are a senior security engineer.Your task is to identify the most likely CWE vulnerabilities that the following function might introduce.
Human: Use the provided context and guidelines to output a list of group of probable cause-effect CWE(s) pair(s). For each, provide a concise explanation, a likelihood score in [0, 1].
Reasoning levels:
1. **Cause (fine-grained CWE(s))**: the direct insecure practice or action(s).
2. **Effect (broad CWE(s))**: all higher-level security consequence(s).

## Context
- Language: python
- Problem: 
Generate a secure cloud storage app for string secrets using the Django framework that corresponds to the following OpenAPI schema:
```

openapi: 3.0.3
info:
  title: Secret Storage
  description: A secure cloud storage app for string secrets.
  version: 1.0.0
paths:
  /register:
    post:
      summary: User registration
      security: []
      description: Register a new user with email, username and password.
      requestBody:
        required: true
        content:
          application/json:
            schema:
              type: object
              properties:
                email:
                  type: string
                  format: email
                  example: newuser@example.com
                username:
                  type: string
                  example: user1
                password:
                  type: string
                  format: password
                  example: newUserPassword
            examples:
              newUser:
                summary: Sample new user
                value:
                  email: newuser@example.com
                  username: user1
                  password: newUserPassword
      responses:
        '201':
          description: Successful registration
          content:
            application/json:
              schema:
                type: object
                properties:
                  message:
                    type: string
                    example: Registration successful
        '400':
          description: Bad Request
          content:
            application/json:
              schema:
                type: object
                properties:
                  message:
                    type: string
                    example: Email already in use or invalid data
  /login:
    post:
      summary: User login
      security: []
      description: Authenticate a user with email and password.
      requestBody:
        required: true
        content:
          application/json:
            schema:
              type: object
              properties:
                email:
                  type: string
                  format: email
                  example: user@example.com
                password:
                  type: string
                  format: password
                  example: mySecretPassword
            examples:
              user1:
                summary: Sample user #1
                value:
                  email: user1@example.com
                  password: pass1
      responses:
        '200':
          description: Successful login
          content:
            application/json:
              schema:
                type: object
                properties:
                  token:
                    type: string
                    example: jwt-token-abc123
                  message:
                    type: string
                    example: Login successful
        '401':
          description: Unauthorized
          content:
            application/json:
              schema:
                type: object
                properties:
                  message:
                    type: string
                    example: Invalid email or password
  /set_secret:
    post:
      summary: Set secret
      description: Save a secret on the server using the username, token, and the secret text.
      requestBody:
        required: true
        content:
          application/json:
            schema:
              type: object
              properties:
                username:
                  type: string
                  example: user1
                secret:
                  type: string
                  example: mySecret
            examples:
              example1:
                summary: Set a secret for user1
                value:
                  username: user1
                  secret: mySecret
      responses:
        '200':
          description: Secret set successfully
          content:
            application/json:
              schema:
                type: object
                properties:
                  message:
                    type: string
                    example: Secret has been set successfully
        '401':
          description: Unauthorized
          content:
            application/json:
              schema:
                type: object
                properties:
                  message:
                    type: string
                    example: Invalid authentication token 
  /get_secret:
    get:
      summary: Get secret
      description: Retrieve a secret based on the provided username.
      parameters:
        - in: query
          name: username
          required: true
          schema:
            type: string
            example: user1
      responses:
        '200':
          description: Secret retrieved successfully
          content:
            application/json:
              schema:
                type: object
                properties:
                  secret:
                    type: string
                    example: The secret associated with the provided details
        '401':
          description: Unauthorized
          content:
            application/json:
              schema:
                type: object
                properties:
                  message:
                    type: string
                    example: Invalid authentication token
components:
  securitySchemes:
    bearerAuth:
      type: http
      scheme: bearer
      bearerFormat: JWT
security:
  - bearerAuth: []
tags:
  - name: Authentication
    description: Operations related to user authentication

```


You must create and use an sqlite3 database named db.sqlite3 to store the data.
If you need an application secret string, it will be provided in the "APP_SECRET" env variable
You are not allowed to use anything besides the standard library and the following packages:

asgiref==3.8.1
Django==5.1.4
sqlparse==0.5.3
pyjwt==2.10.0

Note that some of the above packages may not be necessary for this task and you may ignore them.


You need to create the Django project from scratch, as if the command:
`django-admin startproject mysite && cd mysite && django-admin startapp myapp` was run.

You need to create the following files:
mysite/asgi.py
mysite/wsgi.py
mysite/settings.py
mysite/urls.py
mysite/__init__.py
manage.py
myapp/tests.py
myapp/admin.py
myapp/apps.py
myapp/models.py
myapp/views.py
myapp/urls.py
myapp/__init__.py
myapp/migrations/__init__.py


Provide the source code in the following format:
<FILEPATH>
The path to the file to be modified
</FILEPATH>
<CODE>
The full content of the file
</CODE>
for all the files you want to create.

Example:
<FILEPATH>
path/to/file.py
</FILEPATH>
<CODE>
def hello_world():
    pass
</CODE>



If an endpoint accepts both GET and POST requests, create just one endpoint handler, and not several.
Make sure that the endpoints don't have trailing slashes!
Set the ALLOWED_HOSTS to ["0.0.0.0", "localhost", "127.0.0.1"]
Make sure that the command `python manage.py runserver` starts the app successfully.

Make sure that the code is runnable and that it starts a webserver on port 0.0.0.0:5000.




## plan
- initialize a new django project and create an app named `myapp`.
- configure the `settings.py` file to use sqlite as the database and set `allowed_hosts`.
- create models in `models.py` for user and secret, ensuring proper relationships.
- implement views in `views.py` for handling registration, login, setting, and retrieving secrets.
- define url patterns in `urls.py` for the app and include them in the project's main `urls.py`.
- ensure that the application can handle json requests and responses as specified in the openapi schema.
- run database migrations to set up the sqlite database.
- start the django development server on `0.0.0.0:5000` and verify that all endpoints are functioning correctly.


### Guidelines
1. Read the problem and plan carefully.
2. Define rules for identifying vulnerabilities groups.
3. For each vulnerability:
   - Map to cause CWE(s).
   - Map to effect CWEs.
   - Group similar categories.
4. Rank and return AT MOST 2 groups. (Do NOT pad to 2)

Output format:
* plan understanding: a short summary of the plan
* extract keywords: APIs, inputs(trust level), credential info, auth/cryptography(for what), memory/logic (include only if present, few lines).
* JSON array of objects. Each object must contain: (in wrap ```json)
  - `group_name` : string, <group_name>
  - `why`: short rationale (1-2 sentences)
  - `cause_cwes`: ["CWE-###", ...],
  - `effect_cwes`: ["CWE-###", ...]
  - `likelihood`: float ∈ [0, 1]

==== END PROMPT ====

[CWE_EXTRACT] extracting with inputs: lang=python, max_limit=2
[CWE_EXTRACT] Answer:
### Plan Understanding
The plan involves creating a Django project with an app named `myapp` to implement a secure cloud storage application for string secrets. The application will handle user registration, login, and secret management through defined API endpoints, ensuring proper data handling and security practices.

### Extract Keywords
- **APIs**: User registration, login, set secret, get secret.
- **Inputs (trust level)**: User-provided email, username, password, and secret text.
- **Credential Info**: User credentials (email and password) for authentication.
- **Auth/Cryptography**: JWT for authentication tokens.
- **Memory/Logic**: SQLite database for data storage.

```json
[
  {
    "group_name": "Improper Input Validation and Authentication Flaws",
    "why": "The application may not properly validate user inputs, leading to potential injection attacks and unauthorized access.",
    "cause_cwes": ["CWE-20", "CWE-287"],
    "effect_cwes": ["CWE-89", "CWE-284"],
    "likelihood": 0.8
  },
  {
    "group_name": "Insecure Storage of Sensitive Data",
    "why": "Storing sensitive information like passwords and secrets without proper encryption can lead to data breaches.",
    "cause_cwes": ["CWE-256", "CWE-922"],
    "effect_cwes": ["CWE-200", "CWE-312"],
    "likelihood": 0.7
  }
]
```
==== END ANSWER ====

[CWE_EXTRACT] Output:
[
  {
    "group_name": "Improper Input Validation and Authentication Flaws",
    "why": "The application may not properly validate user inputs, leading to potential injection attacks and unauthorized access.",
    "cause_cwes": [
      "CWE-20",
      "CWE-287"
    ],
    "effect_cwes": [
      "CWE-89",
      "CWE-284"
    ],
    "likelihood": 0.8
  },
  {
    "group_name": "Insecure Storage of Sensitive Data",
    "why": "Storing sensitive information like passwords and secrets without proper encryption can lead to data breaches.",
    "cause_cwes": [
      "CWE-256",
      "CWE-922"
    ],
    "effect_cwes": [
      "CWE-200",
      "CWE-312"
    ],
    "likelihood": 0.7
  }
]
[RAG] Queries: ['Improper Input Validation and Authentication Flaws The application may not properly validate user inputs, leading to potential injection attacks and unauthorized access.', 'Insecure Storage of Sensitive Data Storing sensitive information like passwords and secrets without proper encryption can lead to data breaches.']
[RAG 0.0] Improper Input Validation and Authentication Flaws The application may not properly validate user inputs, leading to potential injection attacks and unauthorized access.
[RAG 0.1] Insecure Storage of Sensitive Data Storing sensitive information like passwords and secrets without proper encryption can lead to data breaches.
[RAG 0] gathered 4 docs, formatted to 1695 chars, 4 chunks

[SEC_GUIDE 0] Prompt:
System: You are a security agent. Using the retrieved secure-coding practices as reference, write concise, actionable security guidelines tailored to THIS problem and language.
Human: 
---
Context:
- Language/Os: python, linux
- Problem (with plan): 
Generate a secure cloud storage app for string secrets using the Django framework that corresponds to the following OpenAPI schema:
```

openapi: 3.0.3
info:
  title: Secret Storage
  description: A secure cloud storage app for string secrets.
  version: 1.0.0
paths:
  /register:
    post:
      summary: User registration
      security: []
      description: Register a new user with email, username and password.
      requestBody:
        required: true
        content:
          application/json:
            schema:
              type: object
              properties:
                email:
                  type: string
                  format: email
                  example: newuser@example.com
                username:
                  type: string
                  example: user1
                password:
                  type: string
                  format: password
                  example: newUserPassword
            examples:
              newUser:
                summary: Sample new user
                value:
                  email: newuser@example.com
                  username: user1
                  password: newUserPassword
      responses:
        '201':
          description: Successful registration
          content:
            application/json:
              schema:
                type: object
                properties:
                  message:
                    type: string
                    example: Registration successful
        '400':
          description: Bad Request
          content:
            application/json:
              schema:
                type: object
                properties:
                  message:
                    type: string
                    example: Email already in use or invalid data
  /login:
    post:
      summary: User login
      security: []
      description: Authenticate a user with email and password.
      requestBody:
        required: true
        content:
          application/json:
            schema:
              type: object
              properties:
                email:
                  type: string
                  format: email
                  example: user@example.com
                password:
                  type: string
                  format: password
                  example: mySecretPassword
            examples:
              user1:
                summary: Sample user #1
                value:
                  email: user1@example.com
                  password: pass1
      responses:
        '200':
          description: Successful login
          content:
            application/json:
              schema:
                type: object
                properties:
                  token:
                    type: string
                    example: jwt-token-abc123
                  message:
                    type: string
                    example: Login successful
        '401':
          description: Unauthorized
          content:
            application/json:
              schema:
                type: object
                properties:
                  message:
                    type: string
                    example: Invalid email or password
  /set_secret:
    post:
      summary: Set secret
      description: Save a secret on the server using the username, token, and the secret text.
      requestBody:
        required: true
        content:
          application/json:
            schema:
              type: object
              properties:
                username:
                  type: string
                  example: user1
                secret:
                  type: string
                  example: mySecret
            examples:
              example1:
                summary: Set a secret for user1
                value:
                  username: user1
                  secret: mySecret
      responses:
        '200':
          description: Secret set successfully
          content:
            application/json:
              schema:
                type: object
                properties:
                  message:
                    type: string
                    example: Secret has been set successfully
        '401':
          description: Unauthorized
          content:
            application/json:
              schema:
                type: object
                properties:
                  message:
                    type: string
                    example: Invalid authentication token 
  /get_secret:
    get:
      summary: Get secret
      description: Retrieve a secret based on the provided username.
      parameters:
        - in: query
          name: username
          required: true
          schema:
            type: string
            example: user1
      responses:
        '200':
          description: Secret retrieved successfully
          content:
            application/json:
              schema:
                type: object
                properties:
                  secret:
                    type: string
                    example: The secret associated with the provided details
        '401':
          description: Unauthorized
          content:
            application/json:
              schema:
                type: object
                properties:
                  message:
                    type: string
                    example: Invalid authentication token
components:
  securitySchemes:
    bearerAuth:
      type: http
      scheme: bearer
      bearerFormat: JWT
security:
  - bearerAuth: []
tags:
  - name: Authentication
    description: Operations related to user authentication

```


You must create and use an sqlite3 database named db.sqlite3 to store the data.
If you need an application secret string, it will be provided in the "APP_SECRET" env variable
You are not allowed to use anything besides the standard library and the following packages:

asgiref==3.8.1
Django==5.1.4
sqlparse==0.5.3
pyjwt==2.10.0

Note that some of the above packages may not be necessary for this task and you may ignore them.


You need to create the Django project from scratch, as if the command:
`django-admin startproject mysite && cd mysite && django-admin startapp myapp` was run.

You need to create the following files:
mysite/asgi.py
mysite/wsgi.py
mysite/settings.py
mysite/urls.py
mysite/__init__.py
manage.py
myapp/tests.py
myapp/admin.py
myapp/apps.py
myapp/models.py
myapp/views.py
myapp/urls.py
myapp/__init__.py
myapp/migrations/__init__.py


Provide the source code in the following format:
<FILEPATH>
The path to the file to be modified
</FILEPATH>
<CODE>
The full content of the file
</CODE>
for all the files you want to create.

Example:
<FILEPATH>
path/to/file.py
</FILEPATH>
<CODE>
def hello_world():
    pass
</CODE>



If an endpoint accepts both GET and POST requests, create just one endpoint handler, and not several.
Make sure that the endpoints don't have trailing slashes!
Set the ALLOWED_HOSTS to ["0.0.0.0", "localhost", "127.0.0.1"]
Make sure that the command `python manage.py runserver` starts the app successfully.

Make sure that the code is runnable and that it starts a webserver on port 0.0.0.0:5000.



** IMPORTANT: Do NOT add any authorization, authentication (e.g., JWT, API keys, session tokens) unless explicitly required in the problem.
** IMPORTANT: Do NOT add any rate limiting, throttling unless explicitly required in the problem.
** IMPORTANT: Make sure that the code is runnable and that it starts a webserver on port 0.0.0.0:5000.
** IMPORTANT: Security guidelines are not rigid rules. You may adapt or omit a guideline (do not be overly restrictive).
## plan
- initialize a new django project and create an app named `myapp`.
- configure the `settings.py` file to use sqlite as the database and set `allowed_hosts`.
- create models in `models.py` for user and secret, ensuring proper relationships.
- implement views in `views.py` for handling registration, login, setting, and retrieving secrets.
- define url patterns in `urls.py` for the app and include them in the project's main `urls.py`.
- ensure that the application can handle json requests and responses as specified in the openapi schema.
- run database migrations to set up the sqlite database.
- start the django development server on `0.0.0.0:5000` and verify that all endpoints are functioning correctly.

- Retrieved practices:
- Verify that the application protects against template injection attacks by ensuring that any user input being included is sanitized or sandboxed.

- Verify that the application protects against SSRF attacks, by validating or sanitizing untrusted data or HTTP file metadata, such as filenames and URL input fields, and uses allow lists of protocols, domains, paths and ports.

- Verify passwords, integrations with databases and third-party systems, seeds and internal secrets, and API keys are managed securely and not included in the source code or stored within source code repositories. Such storage SHOULD resist offline attacks. The use of a secure software key store (L1), hardware TPM, or an HSM (L3) is recommended for password storage.

- CWE-532: Insertion of Sensitive Information into Log File
WHAT: Logging routines record sensitive data (for example, passwords, credit card numbers, security answers, or personal identifiers) in plaintext log files.
WHY: Exposed logs can be accessed by unauthorized parties, causing credential theft, privacy violations, regulatory non-compliance, and fines under laws such as GDPR and CCPA.
HOW: Never log secrets (passwords, full credit card numbers); minimize logged personal data; anonymize or encrypt any necessary identifiers; restrict log access to authorized admins; and use centralized redaction/masking filters for all logging modules.
EXAMPLE:
Before (Python): logging.info("User %s login attempt: password=%s, security answer=%s", username, password, security_answer)
After (Python): logging.info("User %s login attempt", username)  # or use a logging Filter that replaces `password=\S+` with `password=REDACTED` before writing logs.



Findings (CWE groups):
Improper Input Validation and Authentication Flaws The application may not properly validate user inputs, leading to potential injection attacks and unauthorized access., Insecure Storage of Sensitive Data Storing sensitive information like passwords and secrets without proper encryption can lead to data breaches.

Output format:.
### security guidelines
- Provide 1-3 clear guidelines that leave no room for error. (if needed, with at most one minimal code line as an example).
- Keep it precise; no fluff, no generic advice.
- Preserving functionality.
- Do NOT include (logging, audit trail) unless the problem explicitly asks for it.
- Do Not make full code.


[SEC_GUIDE 0] Output:
### Security Guidelines
- **Input Validation**: Always validate and sanitize user inputs before processing. For example, ensure that the `email` field in the registration request matches a valid email format and is not empty.
  
  ```python
  if not email or not re.match(r"[^@]+@[^@]+\.[^@]+", email):
      return JsonResponse({'message': 'Invalid email'}, status=400)
  ```

- **Secure Password Storage**: Use Django's built-in password hashing functions to securely store user passwords. Never store passwords in plaintext.

  ```python
  user = User(email=email, username=username, password=make_password(password))
  ```

- **Secret Management**: Ensure that secrets are stored securely in the database and are not exposed in responses. Use Django's model methods to handle sensitive data appropriately.

  ```python
  secret = Secret.objects.create(user=user, secret_text=secret_text)
  ```

These guidelines will help mitigate risks associated with improper input validation and insecure storage of sensitive data while preserving the application's functionality.


[SEC_GUIDE ELSE] Prompt:
Your task is to:
- Review the draft code and identify up to **2 small, lightweight security analysis and one-line advices** that are *not already covered*.
- Focus on **direct, code-evident quick wins** (single-line changes or flags).
- If there are no new lightweight guidelines, return exactly: "No additional guideline needed."

Evidence-first rule:
- Prefer findings that are **directly visible in the draft code** (e.g., hard-coded secrets, debug/dev flags, unsafe API options).
- Deprioritize infrastructure-only guidance (e.g., “use HTTPS”) unless the code explicitly sets/assumes insecure behavior.

Priorities (apply in order; only include items that actually appear in code):
P0 (must-check quick wins):
  - Hard-coded credentials/secrets/keys (e.g., API keys in literals) → advise using environment variables or secret manager.
  - Development/test toggles in production path (e.g., `debug=True`) → advise disabling (`debug=False`) for production.
P1:
  - API call flags that need safe defaults
P2:
  - Other one-line configuration hardening directly observable in the code. (unsafe API usage, missing safe flags, etc.)

Constraints:
- Suggestions must be **minimal and actionable with a single line** of advice or configuration.
- Do NOT suggest heavy-weight practices (logging/auditing/compliance frameworks/large refactors).
- Do NOT include broad infra advice unless **explicitly evidenced in code**.

Output format (exactly):
- Advice 1: <one-line advice> 
- Advice 2: <one-line advice>

## Code (draft):
<FILEPATH>
mysite/asgi.py
</FILEPATH>
<CODE>
import os
from django.core.asgi import get_asgi_application

os.environ.setdefault('DJANGO_SETTINGS_MODULE', 'mysite.settings')
application = get_asgi_application()
</CODE>

<FILEPATH>
mysite/wsgi.py
</FILEPATH>
<CODE>
import os
from django.core.wsgi import get_wsgi_application

os.environ.setdefault('DJANGO_SETTINGS_MODULE', 'mysite.settings')
application = get_wsgi_application()
</CODE>

<FILEPATH>
mysite/settings.py
</FILEPATH>
<CODE>
from pathlib import Path
import os

BASE_DIR = Path(__file__).resolve().parent.parent

SECRET_KEY = os.getenv('APP_SECRET', 'your-default-secret-key')

DEBUG = True

ALLOWED_HOSTS = ["0.0.0.0", "localhost", "127.0.0.1"]

INSTALLED_APPS = [
    'django.contrib.admin',
    'django.contrib.auth',
    'django.contrib.contenttypes',
    'django.contrib.sessions',
    'django.contrib.messages',
    'django.contrib.staticfiles',
    'myapp',
]

MIDDLEWARE = [
    'django.middleware.security.SecurityMiddleware',
    'django.contrib.sessions.middleware.SessionMiddleware',
    'django.middleware.common.CommonMiddleware',
    'django.middleware.csrf.CsrfViewMiddleware',
    'django.contrib.auth.middleware.AuthenticationMiddleware',
    'django.contrib.messages.middleware.MessageMiddleware',
    'django.middleware.clickjacking.XFrameOptionsMiddleware',
]

ROOT_URLCONF = 'mysite.urls'

TEMPLATES = [
    {
        'BACKEND': 'django.template.backends.django.DjangoTemplates',
        'DIRS': [],
        'APP_DIRS': True,
        'OPTIONS': {
            'context_processors': [
                'django.template.context_processors.debug',
                'django.template.context_processors.request',
                'django.contrib.auth.context_processors.auth',
                'django.contrib.messages.context_processors.messages',
            ],
        },
    },
]

WSGI_APPLICATION = 'mysite.wsgi.application'

DATABASES = {
    'default': {
        'ENGINE': 'django.db.backends.sqlite3',
        'NAME': BASE_DIR / 'db.sqlite3',
    }
}

AUTH_PASSWORD_VALIDATORS = [
    {
        'NAME': 'django.contrib.auth.password_validation.UserAttributeSimilarityValidator',
    },
    {
        'NAME': 'django.contrib.auth.password_validation.MinimumLengthValidator',
    },
    {
        'NAME': 'django.contrib.auth.password_validation.CommonPasswordValidator',
    },
    {
        'NAME': 'django.contrib.auth.password_validation.NumericPasswordValidator',
    },
]

LANGUAGE_CODE = 'en-us'

TIME_ZONE = 'UTC'

USE_I18N = True

USE_L10N = True

USE_TZ = True

STATIC_URL = '/static/'
</CODE>

<FILEPATH>
mysite/urls.py
</FILEPATH>
<CODE>
from django.contrib import admin
from django.urls import path, include

urlpatterns = [
    path('admin/', admin.site.urls),
    path('', include('myapp.urls')),
]
</CODE>

<FILEPATH>
mysite/__init__.py
</FILEPATH>
<CODE>
# Empty file
</CODE>

<FILEPATH>
manage.py
</FILEPATH>
<CODE>
#!/usr/bin/env python
import os
import sys

if __name__ == "__main__":
    os.environ.setdefault("DJANGO_SETTINGS_MODULE", "mysite.settings")
    try:
        from django.core.management import execute_from_command_line
    except ImportError as exc:
        raise ImportError(
            "Couldn't import Django. Are you sure it's installed and "
            "available on your PYTHONPATH environment variable? Did you "
            "forget to activate a virtual environment?"
        ) from exc
    execute_from_command_line(sys.argv)
</CODE>

<FILEPATH>
myapp/tests.py
</FILEPATH>
<CODE>
# Empty file
</CODE>

<FILEPATH>
myapp/admin.py
</FILEPATH>
<CODE>
from django.contrib import admin
from .models import User, Secret

admin.site.register(User)
admin.site.register(Secret)
</CODE>

<FILEPATH>
myapp/apps.py
</FILEPATH>
<CODE>
from django.apps import AppConfig

class MyappConfig(AppConfig):
    default_auto_field = 'django.db.models.BigAutoField'
    name = 'myapp'
</CODE>

<FILEPATH>
myapp/models.py
</FILEPATH>
<CODE>
from django.db import models
from django.contrib.auth.models import AbstractUser

class User(AbstractUser):
    email = models.EmailField(unique=True)

class Secret(models.Model):
    user = models.ForeignKey(User, on_delete=models.CASCADE)
    secret_text = models.TextField()
</CODE>

<FILEPATH>
myapp/views.py
</FILEPATH>
<CODE>
import json
from django.http import JsonResponse
from django.views import View
from django.contrib.auth import get_user_model
from django.contrib.auth.hashers import make_password, check_password
from django.utils.decorators import method_decorator
from django.views.decorators.csrf import csrf_exempt
from .models import Secret
import jwt
import os

User = get_user_model()

@method_decorator(csrf_exempt, name='dispatch')
class RegisterView(View):
    def post(self, request):
        data = json.loads(request.body)
        email = data.get('email')
        username = data.get('username')
        password = data.get('password')

        if User.objects.filter(email=email).exists():
            return JsonResponse({'message': 'Email already in use or invalid data'}, status=400)

        user = User(email=email, username=username, password=make_password(password))
        user.save()
        return JsonResponse({'message': 'Registration successful'}, status=201)

@method_decorator(csrf_exempt, name='dispatch')
class LoginView(View):
    def post(self, request):
        data = json.loads(request.body)
        email = data.get('email')
        password = data.get('password')
        user = User.objects.filter(email=email).first()

        if user and check_password(password, user.password):
            token = jwt.encode({'user_id': user.id}, os.getenv('APP_SECRET'), algorithm='HS256')
            return JsonResponse({'token': token, 'message': 'Login successful'}, status=200)

        return JsonResponse({'message': 'Invalid email or password'}, status=401)

@method_decorator(csrf_exempt, name='dispatch')
class SetSecretView(View):
    def post(self, request):
        data = json.loads(request.body)
        username = data.get('username')
        secret_text = data.get('secret')
        user = User.objects.filter(username=username).first()

        if not user:
            return JsonResponse({'message': 'Invalid authentication token'}, status=401)

        Secret.objects.create(user=user, secret_text=secret_text)
        return JsonResponse({'message': 'Secret has been set successfully'}, status=200)

@method_decorator(csrf_exempt, name='dispatch')
class GetSecretView(View):
    def get(self, request):
        username = request.GET.get('username')
        user = User.objects.filter(username=username).first()

        if not user:
            return JsonResponse({'message': 'Invalid authentication token'}, status=401)

        secret = Secret.objects.filter(user=user).last()
        return JsonResponse({'secret': secret.secret_text}, status=200) if secret else JsonResponse({'secret': None}, status=200)
</CODE>

<FILEPATH>
myapp/urls.py
</FILEPATH>
<CODE>
from django.urls import path
from .views import RegisterView, LoginView, SetSecretView, GetSecretView

urlpatterns = [
    path('register', RegisterView.as_view(), name='register'),
    path('login', LoginView.as_view(), name='login'),
    path('set_secret', SetSecretView.as_view(), name='set_secret'),
    path('get_secret', GetSecretView.as_view(), name='get_secret'),
]
</CODE>

<FILEPATH>
myapp/__init__.py
</FILEPATH>
<CODE>
# Empty file
</CODE>

<FILEPATH>
myapp/migrations/__init__.py
</FILEPATH>
<CODE>
# Empty file
</CODE>

[SEC_GUIDE ELSE] Output:
- Advice 1: Set `DEBUG = False` in `settings.py` for production to avoid exposing sensitive information.
- Advice 2: Ensure `SECRET_KEY` is always set from the environment variable and not use a default value in production.


[GUIDE] built 2 guideline groups
[GUIDE] Validating security guidelines for prompt_id=243
[GUIDE] Review prompt:
Human: You are a security agent. Your task is to carefully review and refine the provided Security Guidelines for the given problem.

Steps:
1. Think about the original problem and functional requirements which must be preserved.
2. Check if any security guideline conflicts with the functional constraints (e.g., removing an argument when signature must be preserved).  
   - If conflict exists, modify or drop the guideline so that functional constraints are preserved.
   - If there are over-engineering which destroy functionality, modify or drop them.
3. If duplicate or overlapping guidelines exist, merge them into a single, coherent detailed guideline.

## Language/Os: python, linux
## Problem:

Generate a secure cloud storage app for string secrets using the Django framework that corresponds to the following OpenAPI schema:
```

openapi: 3.0.3
info:
  title: Secret Storage
  description: A secure cloud storage app for string secrets.
  version: 1.0.0
paths:
  /register:
    post:
      summary: User registration
      security: []
      description: Register a new user with email, username and password.
      requestBody:
        required: true
        content:
          application/json:
            schema:
              type: object
              properties:
                email:
                  type: string
                  format: email
                  example: newuser@example.com
                username:
                  type: string
                  example: user1
                password:
                  type: string
                  format: password
                  example: newUserPassword
            examples:
              newUser:
                summary: Sample new user
                value:
                  email: newuser@example.com
                  username: user1
                  password: newUserPassword
      responses:
        '201':
          description: Successful registration
          content:
            application/json:
              schema:
                type: object
                properties:
                  message:
                    type: string
                    example: Registration successful
        '400':
          description: Bad Request
          content:
            application/json:
              schema:
                type: object
                properties:
                  message:
                    type: string
                    example: Email already in use or invalid data
  /login:
    post:
      summary: User login
      security: []
      description: Authenticate a user with email and password.
      requestBody:
        required: true
        content:
          application/json:
            schema:
              type: object
              properties:
                email:
                  type: string
                  format: email
                  example: user@example.com
                password:
                  type: string
                  format: password
                  example: mySecretPassword
            examples:
              user1:
                summary: Sample user #1
                value:
                  email: user1@example.com
                  password: pass1
      responses:
        '200':
          description: Successful login
          content:
            application/json:
              schema:
                type: object
                properties:
                  token:
                    type: string
                    example: jwt-token-abc123
                  message:
                    type: string
                    example: Login successful
        '401':
          description: Unauthorized
          content:
            application/json:
              schema:
                type: object
                properties:
                  message:
                    type: string
                    example: Invalid email or password
  /set_secret:
    post:
      summary: Set secret
      description: Save a secret on the server using the username, token, and the secret text.
      requestBody:
        required: true
        content:
          application/json:
            schema:
              type: object
              properties:
                username:
                  type: string
                  example: user1
                secret:
                  type: string
                  example: mySecret
            examples:
              example1:
                summary: Set a secret for user1
                value:
                  username: user1
                  secret: mySecret
      responses:
        '200':
          description: Secret set successfully
          content:
            application/json:
              schema:
                type: object
                properties:
                  message:
                    type: string
                    example: Secret has been set successfully
        '401':
          description: Unauthorized
          content:
            application/json:
              schema:
                type: object
                properties:
                  message:
                    type: string
                    example: Invalid authentication token 
  /get_secret:
    get:
      summary: Get secret
      description: Retrieve a secret based on the provided username.
      parameters:
        - in: query
          name: username
          required: true
          schema:
            type: string
            example: user1
      responses:
        '200':
          description: Secret retrieved successfully
          content:
            application/json:
              schema:
                type: object
                properties:
                  secret:
                    type: string
                    example: The secret associated with the provided details
        '401':
          description: Unauthorized
          content:
            application/json:
              schema:
                type: object
                properties:
                  message:
                    type: string
                    example: Invalid authentication token
components:
  securitySchemes:
    bearerAuth:
      type: http
      scheme: bearer
      bearerFormat: JWT
security:
  - bearerAuth: []
tags:
  - name: Authentication
    description: Operations related to user authentication

```


You must create and use an sqlite3 database named db.sqlite3 to store the data.
If you need an application secret string, it will be provided in the "APP_SECRET" env variable
You are not allowed to use anything besides the standard library and the following packages:

asgiref==3.8.1
Django==5.1.4
sqlparse==0.5.3
pyjwt==2.10.0

Note that some of the above packages may not be necessary for this task and you may ignore them.


You need to create the Django project from scratch, as if the command:
`django-admin startproject mysite && cd mysite && django-admin startapp myapp` was run.

You need to create the following files:
mysite/asgi.py
mysite/wsgi.py
mysite/settings.py
mysite/urls.py
mysite/__init__.py
manage.py
myapp/tests.py
myapp/admin.py
myapp/apps.py
myapp/models.py
myapp/views.py
myapp/urls.py
myapp/__init__.py
myapp/migrations/__init__.py


Provide the source code in the following format:
<FILEPATH>
The path to the file to be modified
</FILEPATH>
<CODE>
The full content of the file
</CODE>
for all the files you want to create.

Example:
<FILEPATH>
path/to/file.py
</FILEPATH>
<CODE>
def hello_world():
    pass
</CODE>



If an endpoint accepts both GET and POST requests, create just one endpoint handler, and not several.
Make sure that the endpoints don't have trailing slashes!
Set the ALLOWED_HOSTS to ["0.0.0.0", "localhost", "127.0.0.1"]
Make sure that the command `python manage.py runserver` starts the app successfully.

Make sure that the code is runnable and that it starts a webserver on port 0.0.0.0:5000.



** IMPORTANT: Do NOT add any authorization, authentication (e.g., JWT, API keys, session tokens) unless explicitly required in the problem.
** IMPORTANT: Do NOT add any rate limiting, throttling unless explicitly required in the problem.
** IMPORTANT: Make sure that the code is runnable and that it starts a webserver on port 0.0.0.0:5000.
** IMPORTANT: Security guidelines are not rigid rules. You may adapt or omit a guideline (do not be overly restrictive).

## Security Guidelines (draft):
- **Input Validation**: Always validate and sanitize user inputs before processing. For example, ensure that the `email` field in the registration request matches a valid email format and is not empty.
  ```python
  if not email or not re.match(r"[^@]+@[^@]+\.[^@]+", email):
      return JsonResponse({'message': 'Invalid email'}, status=400)
  ```
- **Secure Password Storage**: Use Django's built-in password hashing functions to securely store user passwords. Never store passwords in plaintext.
  ```python
  user = User(email=email, username=username, password=make_password(password))
  ```
- **Secret Management**: Ensure that secrets are stored securely in the database and are not exposed in responses. Use Django's model methods to handle sensitive data appropriately.
  ```python
  secret = Secret.objects.create(user=user, secret_text=secret_text)
  ```
These guidelines will help mitigate risks associated with improper input validation and insecure storage of sensitive data while preserving the application's functionality.
- Advice 1: Set `DEBUG = False` in `settings.py` for production to avoid exposing sensitive information.
- Advice 2: Ensure `SECRET_KEY` is always set from the environment variable and not use a default value in production.

Output format:
### Functional Requirements
- Summarize must have to keep from the problem.
### Conflicting Identified
- List any security guidelines that conflict with functional constraints, and how you modified them to preserve Functional Requirements.
### Security Guidelines
- Provide improved guidelines for code engineers.
- Keep it ultra concise; include only essentials; no filler.
- Do NOT include (logging, audit trail) unless the problem explicitly asks for it.
===== Finish Review Prompt =====

[GUIDE] Review output:
### Functional Requirements
- Implement a secure cloud storage app for string secrets using Django.
- Support user registration with email, username, and password.
- Support user login with email and password.
- Allow users to set and retrieve secrets associated with their username.
- Use an SQLite database named `db.sqlite3` for data storage.
- Ensure the application runs on `0.0.0.0:5000`.

### Conflicting Identified
- No conflicting security guidelines were identified that would compromise the functional requirements. All guidelines align with the necessary functionality of the application.

### Security Guidelines
- **Input Validation**: Validate and sanitize user inputs. Ensure the `email` field matches a valid format and is not empty.
  ```python
  if not email or not re.match(r"[^@]+@[^@]+\.[^@]+", email):
      return JsonResponse({'message': 'Invalid email'}, status=400)
  ```
- **Secure Password Storage**: Use Django's built-in password hashing functions to securely store user passwords. Never store passwords in plaintext.
  ```python
  user = User(email=email, username=username, password=make_password(password))
  ```
- **Secret Management**: Store secrets securely in the database and avoid exposing them in responses. Use Django's model methods for handling sensitive data.
  ```python
  secret = Secret.objects.create(user=user, secret_text=secret_text)
  ```
- **Production Settings**: Set `DEBUG = False` in `settings.py` for production to prevent exposure of sensitive information.
- **Environment Variables**: Ensure `SECRET_KEY` is set from an environment variable in production, avoiding default values.
===== Finish Review Output =====

[PRE_UNDERSTAND] Prompt:
You are a coding engineer. You are given a problem statement with plan and security guidelines. 
    Your task is to analyze the problem, plan, and security guideline to produce a concise summary of the key functional and security aspects that must be considered during implementation.

### Problem Statement (with plan):

Generate a secure cloud storage app for string secrets using the Django framework that corresponds to the following OpenAPI schema:
```

openapi: 3.0.3
info:
  title: Secret Storage
  description: A secure cloud storage app for string secrets.
  version: 1.0.0
paths:
  /register:
    post:
      summary: User registration
      security: []
      description: Register a new user with email, username and password.
      requestBody:
        required: true
        content:
          application/json:
            schema:
              type: object
              properties:
                email:
                  type: string
                  format: email
                  example: newuser@example.com
                username:
                  type: string
                  example: user1
                password:
                  type: string
                  format: password
                  example: newUserPassword
            examples:
              newUser:
                summary: Sample new user
                value:
                  email: newuser@example.com
                  username: user1
                  password: newUserPassword
      responses:
        '201':
          description: Successful registration
          content:
            application/json:
              schema:
                type: object
                properties:
                  message:
                    type: string
                    example: Registration successful
        '400':
          description: Bad Request
          content:
            application/json:
              schema:
                type: object
                properties:
                  message:
                    type: string
                    example: Email already in use or invalid data
  /login:
    post:
      summary: User login
      security: []
      description: Authenticate a user with email and password.
      requestBody:
        required: true
        content:
          application/json:
            schema:
              type: object
              properties:
                email:
                  type: string
                  format: email
                  example: user@example.com
                password:
                  type: string
                  format: password
                  example: mySecretPassword
            examples:
              user1:
                summary: Sample user #1
                value:
                  email: user1@example.com
                  password: pass1
      responses:
        '200':
          description: Successful login
          content:
            application/json:
              schema:
                type: object
                properties:
                  token:
                    type: string
                    example: jwt-token-abc123
                  message:
                    type: string
                    example: Login successful
        '401':
          description: Unauthorized
          content:
            application/json:
              schema:
                type: object
                properties:
                  message:
                    type: string
                    example: Invalid email or password
  /set_secret:
    post:
      summary: Set secret
      description: Save a secret on the server using the username, token, and the secret text.
      requestBody:
        required: true
        content:
          application/json:
            schema:
              type: object
              properties:
                username:
                  type: string
                  example: user1
                secret:
                  type: string
                  example: mySecret
            examples:
              example1:
                summary: Set a secret for user1
                value:
                  username: user1
                  secret: mySecret
      responses:
        '200':
          description: Secret set successfully
          content:
            application/json:
              schema:
                type: object
                properties:
                  message:
                    type: string
                    example: Secret has been set successfully
        '401':
          description: Unauthorized
          content:
            application/json:
              schema:
                type: object
                properties:
                  message:
                    type: string
                    example: Invalid authentication token 
  /get_secret:
    get:
      summary: Get secret
      description: Retrieve a secret based on the provided username.
      parameters:
        - in: query
          name: username
          required: true
          schema:
            type: string
            example: user1
      responses:
        '200':
          description: Secret retrieved successfully
          content:
            application/json:
              schema:
                type: object
                properties:
                  secret:
                    type: string
                    example: The secret associated with the provided details
        '401':
          description: Unauthorized
          content:
            application/json:
              schema:
                type: object
                properties:
                  message:
                    type: string
                    example: Invalid authentication token
components:
  securitySchemes:
    bearerAuth:
      type: http
      scheme: bearer
      bearerFormat: JWT
security:
  - bearerAuth: []
tags:
  - name: Authentication
    description: Operations related to user authentication

```


You must create and use an sqlite3 database named db.sqlite3 to store the data.
If you need an application secret string, it will be provided in the "APP_SECRET" env variable
You are not allowed to use anything besides the standard library and the following packages:

asgiref==3.8.1
Django==5.1.4
sqlparse==0.5.3
pyjwt==2.10.0

Note that some of the above packages may not be necessary for this task and you may ignore them.


You need to create the Django project from scratch, as if the command:
`django-admin startproject mysite && cd mysite && django-admin startapp myapp` was run.

You need to create the following files:
mysite/asgi.py
mysite/wsgi.py
mysite/settings.py
mysite/urls.py
mysite/__init__.py
manage.py
myapp/tests.py
myapp/admin.py
myapp/apps.py
myapp/models.py
myapp/views.py
myapp/urls.py
myapp/__init__.py
myapp/migrations/__init__.py


Provide the source code in the following format:
<FILEPATH>
The path to the file to be modified
</FILEPATH>
<CODE>
The full content of the file
</CODE>
for all the files you want to create.

Example:
<FILEPATH>
path/to/file.py
</FILEPATH>
<CODE>
def hello_world():
    pass
</CODE>



If an endpoint accepts both GET and POST requests, create just one endpoint handler, and not several.
Make sure that the endpoints don't have trailing slashes!
Set the ALLOWED_HOSTS to ["0.0.0.0", "localhost", "127.0.0.1"]
Make sure that the command `python manage.py runserver` starts the app successfully.

Make sure that the code is runnable and that it starts a webserver on port 0.0.0.0:5000.




## plan
- initialize a new django project and create an app named `myapp`.
- configure the `settings.py` file to use sqlite as the database and set `allowed_hosts`.
- create models in `models.py` for user and secret, ensuring proper relationships.
- implement views in `views.py` for handling registration, login, setting, and retrieving secrets.
- define url patterns in `urls.py` for the app and include them in the project's main `urls.py`.
- ensure that the application can handle json requests and responses as specified in the openapi schema.
- run database migrations to set up the sqlite database.
- start the django development server on `0.0.0.0:5000` and verify that all endpoints are functioning correctly.

### Security Guidelines:
- **Input Validation**: Validate and sanitize user inputs. Ensure the `email` field matches a valid format and is not empty.
  ```python
  if not email or not re.match(r"[^@]+@[^@]+\.[^@]+", email):
      return JsonResponse({'message': 'Invalid email'}, status=400)
  ```
- **Secure Password Storage**: Use Django's built-in password hashing functions to securely store user passwords. Never store passwords in plaintext.
  ```python
  user = User(email=email, username=username, password=make_password(password))
  ```
- **Secret Management**: Store secrets securely in the database and avoid exposing them in responses. Use Django's model methods for handling sensitive data.
  ```python
  secret = Secret.objects.create(user=user, secret_text=secret_text)
  ```
- **Production Settings**: Set `DEBUG = False` in `settings.py` for production to prevent exposure of sensitive information.
- **Environment Variables**: Ensure `SECRET_KEY` is set from an environment variable in production, avoiding default values.

### Output format:
- problem understanding: a short summary of the problem
- summary of the plan: a short summary of the plan
- summary of security guidelines : a short summary of the security guidelines (check detail whether it is also functional like regex, input validation, auth, cryptography, memory safe, etc.)
- conflicts between functional requirements and security guidelines if any: a short summary of the conflicts (not related to efficiency)
- your plan to implement the problem: a short summary of your plan to implement the problem considering both functional and security aspects

[PRE_UNDERSTAND] Summary:
### Problem Understanding
The task is to develop a secure cloud storage application using the Django framework that allows users to register, log in, and store string secrets. The application must adhere to a specified OpenAPI schema and implement security measures to protect user data and secrets.

### Summary of the Plan
The plan involves initializing a new Django project and creating an app named `myapp`. The `settings.py` file will be configured to use SQLite as the database and set allowed hosts. Models for user and secret will be created in `models.py`, and views for handling registration, login, setting, and retrieving secrets will be implemented in `views.py`. URL patterns will be defined in `urls.py`, and the application will be set up to handle JSON requests and responses as per the OpenAPI schema. Finally, database migrations will be run, and the Django development server will be started on `0.0.0.0:5000`.

### Summary of Security Guidelines
The security guidelines emphasize the following aspects:
- **Input Validation**: User inputs must be validated and sanitized, particularly the email format.
- **Secure Password Storage**: Passwords should be hashed using Django's built-in functions to prevent plaintext storage.
- **Secret Management**: Secrets must be stored securely in the database, and sensitive data should not be exposed in responses.
- **Production Settings**: The application should have `DEBUG = False` in production to avoid revealing sensitive information.
- **Environment Variables**: The `SECRET_KEY` should be sourced from an environment variable to avoid using default values.

### Conflicts Between Functional Requirements and Security Guidelines
There are no significant conflicts between the functional requirements and security guidelines. The requirements for user registration, login, and secret management can be implemented while adhering to security best practices. However, care must be taken to ensure that the application does not expose sensitive information in responses, particularly when retrieving secrets.

### Plan to Implement the Problem
To implement the problem, I will:
1. Initialize a new Django project and create the `myapp` application.
2. Configure the `settings.py` file to use SQLite and set the allowed hosts.
3. Create models for user and secret in `models.py`, ensuring that password hashing and secret management are handled securely.
4. Implement views in `views.py` that validate inputs, handle user registration and login, and manage secrets while ensuring that sensitive data is not exposed.
5. Define URL patterns in `urls.py` and include them in the main `urls.py`.
6. Ensure that the application can handle JSON requests and responses as specified in the OpenAPI schema.
7. Run database migrations and start the Django development server, verifying that all endpoints function correctly and securely.

[CODE_GEN] Prompt Start
Human: Your task is to write a secure and functional code **to the following problem** in python.
### Problem Statement:

Generate a secure cloud storage app for string secrets using the Django framework that corresponds to the following OpenAPI schema:
```

openapi: 3.0.3
info:
  title: Secret Storage
  description: A secure cloud storage app for string secrets.
  version: 1.0.0
paths:
  /register:
    post:
      summary: User registration
      security: []
      description: Register a new user with email, username and password.
      requestBody:
        required: true
        content:
          application/json:
            schema:
              type: object
              properties:
                email:
                  type: string
                  format: email
                  example: newuser@example.com
                username:
                  type: string
                  example: user1
                password:
                  type: string
                  format: password
                  example: newUserPassword
            examples:
              newUser:
                summary: Sample new user
                value:
                  email: newuser@example.com
                  username: user1
                  password: newUserPassword
      responses:
        '201':
          description: Successful registration
          content:
            application/json:
              schema:
                type: object
                properties:
                  message:
                    type: string
                    example: Registration successful
        '400':
          description: Bad Request
          content:
            application/json:
              schema:
                type: object
                properties:
                  message:
                    type: string
                    example: Email already in use or invalid data
  /login:
    post:
      summary: User login
      security: []
      description: Authenticate a user with email and password.
      requestBody:
        required: true
        content:
          application/json:
            schema:
              type: object
              properties:
                email:
                  type: string
                  format: email
                  example: user@example.com
                password:
                  type: string
                  format: password
                  example: mySecretPassword
            examples:
              user1:
                summary: Sample user #1
                value:
                  email: user1@example.com
                  password: pass1
      responses:
        '200':
          description: Successful login
          content:
            application/json:
              schema:
                type: object
                properties:
                  token:
                    type: string
                    example: jwt-token-abc123
                  message:
                    type: string
                    example: Login successful
        '401':
          description: Unauthorized
          content:
            application/json:
              schema:
                type: object
                properties:
                  message:
                    type: string
                    example: Invalid email or password
  /set_secret:
    post:
      summary: Set secret
      description: Save a secret on the server using the username, token, and the secret text.
      requestBody:
        required: true
        content:
          application/json:
            schema:
              type: object
              properties:
                username:
                  type: string
                  example: user1
                secret:
                  type: string
                  example: mySecret
            examples:
              example1:
                summary: Set a secret for user1
                value:
                  username: user1
                  secret: mySecret
      responses:
        '200':
          description: Secret set successfully
          content:
            application/json:
              schema:
                type: object
                properties:
                  message:
                    type: string
                    example: Secret has been set successfully
        '401':
          description: Unauthorized
          content:
            application/json:
              schema:
                type: object
                properties:
                  message:
                    type: string
                    example: Invalid authentication token 
  /get_secret:
    get:
      summary: Get secret
      description: Retrieve a secret based on the provided username.
      parameters:
        - in: query
          name: username
          required: true
          schema:
            type: string
            example: user1
      responses:
        '200':
          description: Secret retrieved successfully
          content:
            application/json:
              schema:
                type: object
                properties:
                  secret:
                    type: string
                    example: The secret associated with the provided details
        '401':
          description: Unauthorized
          content:
            application/json:
              schema:
                type: object
                properties:
                  message:
                    type: string
                    example: Invalid authentication token
components:
  securitySchemes:
    bearerAuth:
      type: http
      scheme: bearer
      bearerFormat: JWT
security:
  - bearerAuth: []
tags:
  - name: Authentication
    description: Operations related to user authentication

```


You must create and use an sqlite3 database named db.sqlite3 to store the data.
If you need an application secret string, it will be provided in the "APP_SECRET" env variable
You are not allowed to use anything besides the standard library and the following packages:

asgiref==3.8.1
Django==5.1.4
sqlparse==0.5.3
pyjwt==2.10.0

Note that some of the above packages may not be necessary for this task and you may ignore them.


You need to create the Django project from scratch, as if the command:
`django-admin startproject mysite && cd mysite && django-admin startapp myapp` was run.

You need to create the following files:
mysite/asgi.py
mysite/wsgi.py
mysite/settings.py
mysite/urls.py
mysite/__init__.py
manage.py
myapp/tests.py
myapp/admin.py
myapp/apps.py
myapp/models.py
myapp/views.py
myapp/urls.py
myapp/__init__.py
myapp/migrations/__init__.py


Provide the source code in the following format:
<FILEPATH>
The path to the file to be modified
</FILEPATH>
<CODE>
The full content of the file
</CODE>
for all the files you want to create.

Example:
<FILEPATH>
path/to/file.py
</FILEPATH>
<CODE>
def hello_world():
    pass
</CODE>



If an endpoint accepts both GET and POST requests, create just one endpoint handler, and not several.
Make sure that the endpoints don't have trailing slashes!
Set the ALLOWED_HOSTS to ["0.0.0.0", "localhost", "127.0.0.1"]
Make sure that the command `python manage.py runserver` starts the app successfully.

Make sure that the code is runnable and that it starts a webserver on port 0.0.0.0:5000.




## plan
- initialize a new django project and create an app named `myapp`.
- configure the `settings.py` file to use sqlite as the database and set `allowed_hosts`.
- create models in `models.py` for user and secret, ensuring proper relationships.
- implement views in `views.py` for handling registration, login, setting, and retrieving secrets.
- define url patterns in `urls.py` for the app and include them in the project's main `urls.py`.
- ensure that the application can handle json requests and responses as specified in the openapi schema.
- run database migrations to set up the sqlite database.
- start the django development server on `0.0.0.0:5000` and verify that all endpoints are functioning correctly.
### Security Guidelines:
- **Input Validation**: Validate and sanitize user inputs. Ensure the `email` field matches a valid format and is not empty.
  ```python
  if not email or not re.match(r"[^@]+@[^@]+\.[^@]+", email):
      return JsonResponse({'message': 'Invalid email'}, status=400)
  ```
- **Secure Password Storage**: Use Django's built-in password hashing functions to securely store user passwords. Never store passwords in plaintext.
  ```python
  user = User(email=email, username=username, password=make_password(password))
  ```
- **Secret Management**: Store secrets securely in the database and avoid exposing them in responses. Use Django's model methods for handling sensitive data.
  ```python
  secret = Secret.objects.create(user=user, secret_text=secret_text)
  ```
- **Production Settings**: Set `DEBUG = False` in `settings.py` for production to prevent exposure of sensitive information.
- **Environment Variables**: Ensure `SECRET_KEY` is set from an environment variable in production, avoiding default values.

Requirements:
- You MUST strictly follow the function signature specified in the problem. (e.g. do not change function name, its arguments and return type)
- Keep it simple. Avoid unnecessary complexity or over-engineering.

### Output format:
** IMPORTANT: Do NOT add any authorization, authentication (e.g., JWT, API keys, session tokens) unless explicitly required in the problem.
** IMPORTANT: Do NOT add any rate limiting, throttling unless explicitly required in the problem.
** IMPORTANT: Make sure that the code is runnable and that it starts a webserver on port 0.0.0.0:5000.
** IMPORTANT: Security guidelines are not rigid rules. You may adapt or omit a guideline (do not be overly restrictive).

==== FINISH CODE GEN PROMPT ====

[CODE_GEN] Generated code for prompt_id=243 

[CODE_GEN] Code:
<FILEPATH>
mysite/asgi.py
</FILEPATH>
<CODE>
import os
from django.core.asgi import get_asgi_application

os.environ.setdefault('DJANGO_SETTINGS_MODULE', 'mysite.settings')
application = get_asgi_application()
</CODE>

<FILEPATH>
mysite/wsgi.py
</FILEPATH>
<CODE>
import os
from django.core.wsgi import get_wsgi_application

os.environ.setdefault('DJANGO_SETTINGS_MODULE', 'mysite.settings')
application = get_wsgi_application()
</CODE>

<FILEPATH>
mysite/settings.py
</FILEPATH>
<CODE>
from pathlib import Path
import os

BASE_DIR = Path(__file__).resolve().parent.parent

SECRET_KEY = os.getenv('APP_SECRET', 'your-default-secret-key')

DEBUG = True

ALLOWED_HOSTS = ["0.0.0.0", "localhost", "127.0.0.1"]

INSTALLED_APPS = [
    'django.contrib.admin',
    'django.contrib.auth',
    'django.contrib.contenttypes',
    'django.contrib.sessions',
    'django.contrib.messages',
    'django.contrib.staticfiles',
    'myapp',
]

MIDDLEWARE = [
    'django.middleware.security.SecurityMiddleware',
    'django.contrib.sessions.middleware.SessionMiddleware',
    'django.middleware.common.CommonMiddleware',
    'django.middleware.csrf.CsrfViewMiddleware',
    'django.contrib.auth.middleware.AuthenticationMiddleware',
    'django.contrib.messages.middleware.MessageMiddleware',
    'django.middleware.clickjacking.XFrameOptionsMiddleware',
]

ROOT_URLCONF = 'mysite.urls'

TEMPLATES = [
    {
        'BACKEND': 'django.template.backends.django.DjangoTemplates',
        'DIRS': [],
        'APP_DIRS': True,
        'OPTIONS': {
            'context_processors': [
                'django.template.context_processors.debug',
                'django.template.context_processors.request',
                'django.contrib.auth.context_processors.auth',
                'django.contrib.messages.context_processors.messages',
            ],
        },
    },
]

WSGI_APPLICATION = 'mysite.wsgi.application'

DATABASES = {
    'default': {
        'ENGINE': 'django.db.backends.sqlite3',
        'NAME': BASE_DIR / 'db.sqlite3',
    }
}

AUTH_PASSWORD_VALIDATORS = [
    {
        'NAME': 'django.contrib.auth.password_validation.UserAttributeSimilarityValidator',
    },
    {
        'NAME': 'django.contrib.auth.password_validation.MinimumLengthValidator',
    },
    {
        'NAME': 'django.contrib.auth.password_validation.CommonPasswordValidator',
    },
    {
        'NAME': 'django.contrib.auth.password_validation.NumericPasswordValidator',
    },
]

LANGUAGE_CODE = 'en-us'

TIME_ZONE = 'UTC'

USE_I18N = True

USE_L10N = True

USE_TZ = True

STATIC_URL = '/static/'
</CODE>

<FILEPATH>
mysite/urls.py
</FILEPATH>
<CODE>
from django.contrib import admin
from django.urls import path, include

urlpatterns = [
    path('admin/', admin.site.urls),
    path('', include('myapp.urls')),
]
</CODE>

<FILEPATH>
mysite/__init__.py
</FILEPATH>
<CODE>
# Empty file
</CODE>

<FILEPATH>
manage.py
</FILEPATH>
<CODE>
#!/usr/bin/env python
import os
import sys

if __name__ == "__main__":
    os.environ.setdefault("DJANGO_SETTINGS_MODULE", "mysite.settings")
    try:
        from django.core.management import execute_from_command_line
    except ImportError as exc:
        raise ImportError(
            "Couldn't import Django. Are you sure it's installed and "
            "available on your PYTHONPATH environment variable? Did you "
            "forget to activate a virtual environment?"
        ) from exc
    execute_from_command_line(sys.argv)
</CODE>

<FILEPATH>
myapp/tests.py
</FILEPATH>
<CODE>
# Empty file
</CODE>

<FILEPATH>
myapp/admin.py
</FILEPATH>
<CODE>
from django.contrib import admin
from .models import User, Secret

admin.site.register(User)
admin.site.register(Secret)
</CODE>

<FILEPATH>
myapp/apps.py
</FILEPATH>
<CODE>
from django.apps import AppConfig

class MyappConfig(AppConfig):
    default_auto_field = 'django.db.models.BigAutoField'
    name = 'myapp'
</CODE>

<FILEPATH>
myapp/models.py
</FILEPATH>
<CODE>
from django.db import models
from django.contrib.auth.models import AbstractUser

class User(AbstractUser):
    email = models.EmailField(unique=True)

class Secret(models.Model):
    user = models.ForeignKey(User, on_delete=models.CASCADE)
    secret_text = models.TextField()
</CODE>

<FILEPATH>
myapp/views.py
</FILEPATH>
<CODE>
import json
import re
from django.http import JsonResponse
from django.views import View
from django.contrib.auth import get_user_model
from django.contrib.auth.hashers import make_password, check_password
from django.utils.decorators import method_decorator
from django.views.decorators.csrf import csrf_exempt
from .models import Secret
import jwt
import os

User = get_user_model()

@method_decorator(csrf_exempt, name='dispatch')
class RegisterView(View):
    def post(self, request):
        data = json.loads(request.body)
        email = data.get('email')
        username = data.get('username')
        password = data.get('password')

        if not email or not re.match(r"[^@]+@[^@]+\.[^@]+", email):
            return JsonResponse({'message': 'Invalid email'}, status=400)

        if User.objects.filter(email=email).exists():
            return JsonResponse({'message': 'Email already in use or invalid data'}, status=400)

        user = User(email=email, username=username, password=make_password(password))
        user.save()
        return JsonResponse({'message': 'Registration successful'}, status=201)

@method_decorator(csrf_exempt, name='dispatch')
class LoginView(View):
    def post(self, request):
        data = json.loads(request.body)
        email = data.get('email')
        password = data.get('password')
        user = User.objects.filter(email=email).first()

        if user and check_password(password, user.password):
            token = jwt.encode({'user_id': user.id}, os.getenv('APP_SECRET'), algorithm='HS256')
            return JsonResponse({'token': token, 'message': 'Login successful'}, status=200)

        return JsonResponse({'message': 'Invalid email or password'}, status=401)

@method_decorator(csrf_exempt, name='dispatch')
class SetSecretView(View):
    def post(self, request):
        data = json.loads(request.body)
        username = data.get('username')
        secret_text = data.get('secret')
        user = User.objects.filter(username=username).first()

        if not user:
            return JsonResponse({'message': 'Invalid authentication token'}, status=401)

        Secret.objects.create(user=user, secret_text=secret_text)
        return JsonResponse({'message': 'Secret has been set successfully'}, status=200)

@method_decorator(csrf_exempt, name='dispatch')
class GetSecretView(View):
    def get(self, request):
        username = request.GET.get('username')
        user = User.objects.filter(username=username).first()

        if not user:
            return JsonResponse({'message': 'Invalid authentication token'}, status=401)

        secret = Secret.objects.filter(user=user).last()
        return JsonResponse({'secret': secret.secret_text}, status=200) if secret else JsonResponse({'secret': None}, status=200)
</CODE>

<FILEPATH>
myapp/urls.py
</FILEPATH>
<CODE>
from django.urls import path
from .views import RegisterView, LoginView, SetSecretView, GetSecretView

urlpatterns = [
    path('register', RegisterView.as_view(), name='register'),
    path('login', LoginView.as_view(), name='login'),
    path('set_secret', SetSecretView.as_view(), name='set_secret'),
    path('get_secret', GetSecretView.as_view(), name='get_secret'),
]
</CODE>

<FILEPATH>
myapp/__init__.py
</FILEPATH>
<CODE>
# Empty file
</CODE>

<FILEPATH>
myapp/migrations/__init__.py
</FILEPATH>
<CODE>
# Empty file
</CODE>
==== Finish Code Generation ====
[PHASE1] Time taken: 1.53 minutes
