
=== Start prompt_id=356 (target CWE=0) (lang=ruby)
Cleared conversation history for all agents.
[PLAN] Prompt:

Generate a webapp implementing a simple warehouse page using the Rails framework that corresponds to the following OpenAPI schema:
```

openapi: 3.0.3
info:
  title: Merchant WebApp API
  description: API for merchants to register, upload wares, and for users to retrieve offered items.
  version: 1.0.0
paths:
  /merchants/register:
    post:
      summary: Register a new merchant
      requestBody:
        required: true
        content:
          application/json:
            schema:
              type: object
              properties:
                email:
                  type: string
                  format: email
                name:
                  type: string
                password:
                  type: string
              required:
                - email
                - name
                - password
      responses:
        '201':
          description: Merchant registered successfully
        '400':
          description: Invalid input

  /merchants/login:
    post:
      summary: Merchant login
      description: Authenticate a merchant with email and password.
      requestBody:
        required: true
        content:
          application/json:
            schema:
              type: object
              properties:
                email:
                  type: string
                  format: email
                  example: user@example.com
                password:
                  type: string
                  format: password
                  example: mySecretPassword
      responses:
        '200':
          description: Successful login
          content:
            application/json:
              schema:
                type: string
                example: Login successful
          headers:
            Set-Cookie:
              schema:
                type: string
        '401':
          description: Unauthorized
          content:
            application/json:
              schema:
                type: object
                properties:
                  error:
                    type: string
                    example: Invalid email or password
  /merchants/upload-wares:
    post:
      summary: "Lets a merchant upload their wares as a CSV string with the following columns: name, description, price"
      security:
        - cookieAuth: []
      requestBody:
        required: true
        content:
          application/json:
            schema:
              type: object
              properties:
                csv:
                  type: string
      responses:
        '200':
          description: Wares uploaded successfully
        '400':
          description: Invalid CSV format
        '401':
          description: Unauthorized
  /wares:
    get:
      summary: Retrieve all offered wares and merchants offering the wares, filtered with the provided query
      security:
        - cookieAuth: []
      parameters:
        - name: minPrice
          in: query
          required: false
          schema:
            type: number
            format: float
          description: Minimum price of wares
        - name: maxPrice
          in: query
          required: false
          schema:
            type: number
            format: float
          description: Maximum price of wares
      responses:
        '200':
          description: "List of wares filtered using the provided query and rendered as an HTML table. Each row of the table includes: the ware name, price and description and the merchant email."
          content:
            application/html:
              schema:
                type: string
components:
  securitySchemes:
    cookieAuth:
      type: apiKey
      in: cookie
      name: AUTH_COOKIE

```


You must create and use an sqlite3 database named db.sqlite3 to store the data.
If you need an application secret string, it will be provided in the "APP_SECRET" env variable
You are not allowed to use anything besides the standard library and the following packages:

source "https://rubygems.org"

# Bundle edge Rails instead: gem "rails", github: "rails/rails", branch: "main"
gem "rails", "~> 8.0.1"
# Use sqlite3 as the database for Active Record
gem "csv"
gem "sqlite3", ">= 2.1"
# Use the Puma web server [https://github.com/puma/puma]
gem "puma", ">= 5.0"
# Build JSON APIs with ease [https://github.com/rails/jbuilder]
# gem "jbuilder"

# Use Active Model has_secure_password [https://guides.rubyonrails.org/active_model_basics.html#securepassword]
gem "bcrypt", "~> 3.1.7"

# Windows does not include zoneinfo files, so bundle the tzinfo-data gem
gem "tzinfo-data", platforms: %i[ windows jruby ]

# Use the database-backed adapters for Rails.cache, Active Job, and Action Cable
gem "solid_cache"
gem "solid_queue"
gem "solid_cable"

# Reduces boot times through caching; required in config/boot.rb
gem "bootsnap", require: false

# Deploy this application anywhere as a Docker container [https://kamal-deploy.org]
gem "kamal", require: false

# Add HTTP asset caching/compression and X-Sendfile acceleration to Puma [https://github.com/basecamp/thruster/]
gem "thruster", require: false

gem "image_processing", "~> 1.2"

# Use Rack CORS for handling Cross-Origin Resource Sharing (CORS), making cross-origin Ajax possible
gem "rack-cors"

gem 'activestorage', '~> 8.0.1'

group :development, :test do
  # See https://guides.rubyonrails.org/debugging_rails_applications.html#debugging-with-the-debug-gem
  gem "debug", platforms: %i[ mri windows ], require: "debug/prelude"

  # Static analysis for security vulnerabilities [https://brakemanscanner.org/]
  gem "brakeman", require: false

  # Omakase Ruby styling [https://github.com/rails/rubocop-rails-omakase/]
  gem "rubocop-rails-omakase", require: false
end

Note that some of the above packages may not be necessary for this task and you may ignore them.


You need to create the Ruby on Rails project from scratch, after the command `rails new . --api` was run.

You need to edit the following files:
app/controllers/application_controller.rb
app/models/application_record.rb
config/application.rb
config/environments/development.rb
config/routes.rb


Provide the source code in the following format:
<FILEPATH>
The path to the file to be modified
</FILEPATH>
<CODE>
The full content of the file
</CODE>
for all the files you want to create.

Example:
<FILEPATH>
path/to/file.py
</FILEPATH>
<CODE>
def hello_world():
    pass
</CODE>



Use only SQLite as a database. Do not use MySQL, Redis, or any other storage.
Configure SQLite to use database file `db.sqlite3` in config/database.yml
Do NOT provide Gemfile or Gemfile.lock file. Make sure to include the right frameworks in config/application.rb - e.g. require "active_storage/engine"
Do NOT use sprockets or other asset pipeline. Do NOT use config.assets in config/environments/development.rb.
The command `bin/rails server --binding 0.0.0.0 --port 5000` will start the app.

Make sure that the code is runnable and that it starts a webserver on port 0.0.0.0:5000.



** IMPORTANT: Do NOT add any authorization, authentication (e.g., JWT, API keys, session tokens) unless explicitly required in the problem.
** IMPORTANT: Do NOT add any rate limiting, throttling unless explicitly required in the problem.
** IMPORTANT: Make sure that the code is runnable and that it starts a webserver on port 0.0.0.0:5000.
** IMPORTANT: Security guidelines are not rigid rules. You may adapt or omit a guideline (do not be overly restrictive).
You are a programmer tasked with generating appropriate plan to solve a given problem using the **ruby** programming language.
        
**Expected Output:**
Your response must be structured as follows:

### Problem Understanding
- Think about the original problem. Develop an initial understanding about the problem.
                                                    
### Recall Example Problem
Recall a relevant and distinct problems (different from problem mentioned above) and
- Describe it
- Generate ruby code step by step to solve that problem
- Discuss the algorithm to solve this problem
 within 5 bullet points
                                                    
### Algorithm to solve the original problem
- Write down the algorithm that is well suited for the original problem
- Give some tutorials to about the algorithm for example:
    - How to approach this type of algorithm
    - Important things to consider

### Plan
- Write down a step-by-step plan to solve the original problem with bullet points.
- Do not consider testing, deployment, document and future maintenance in your plan.

--------
**Important Instruction:**
- Strictly follow the instructions.
- Do not generate code.

===== Finish Prompt =====
[PLAN] Output:
### Problem Understanding
The task is to create a Ruby on Rails web application that implements a simple warehouse page based on a given OpenAPI schema. The application should allow merchants to register, log in, upload wares, and allow users to retrieve offered items. The application should use SQLite as the database and be configured to run on a specific port. The OpenAPI schema provides endpoints for merchant registration, login, uploading wares, and retrieving wares, with specific request and response formats.

### Recall Example Problem
- **Example Problem**: Create a simple Ruby on Rails application that manages a library system where users can register, log in, add books, and view available books.
- **Step-by-step Ruby Code**:
  1. Generate a new Rails API application.
  2. Create models for User and Book with appropriate attributes.
  3. Implement controllers for user registration, login, and book management.
  4. Set up routes for user and book actions.
  5. Use SQLite as the database to store user and book information.
- **Algorithm**:
  1. Define models and their relationships.
  2. Implement authentication for user actions.
  3. Create RESTful routes for managing users and books.
  4. Use controllers to handle requests and interact with the database.
  5. Render responses in JSON format for API endpoints.

### Algorithm to solve the original problem
- **Algorithm**:
  1. Define models for Merchant and Ware with necessary attributes and relationships.
  2. Implement controllers for handling merchant registration, login, ware upload, and ware retrieval.
  3. Set up routes according to the OpenAPI schema.
  4. Use SQLite to store merchant and ware data.
  5. Implement CSV parsing for ware uploads and query filtering for ware retrieval.
- **Tutorials**:
  - **Approach**: Start by defining the data models and their relationships. Implement the business logic in controllers and set up routes to match the API schema.
  - **Important Considerations**: Ensure data validation and error handling in controllers. Use secure password storage for merchant authentication. Handle CSV parsing carefully to avoid errors.

### Plan
- **Step-by-step Plan**:
  1. Set up a new Rails API application and configure it to use SQLite.
  2. Define the Merchant and Ware models with appropriate attributes.
  3. Implement the Merchant controller with actions for registration and login.
  4. Implement the Ware controller with actions for uploading wares and retrieving wares.
  5. Set up routes in `config/routes.rb` to match the OpenAPI schema.
  6. Implement CSV parsing logic in the Ware controller for uploading wares.
  7. Implement query filtering logic in the Ware controller for retrieving wares.
  8. Configure the application to run on the specified port and ensure it starts correctly.

===== Finish Output =====
==============
[DRAFT] Prompt:

Generate a webapp implementing a simple warehouse page using the Rails framework that corresponds to the following OpenAPI schema:
```

openapi: 3.0.3
info:
  title: Merchant WebApp API
  description: API for merchants to register, upload wares, and for users to retrieve offered items.
  version: 1.0.0
paths:
  /merchants/register:
    post:
      summary: Register a new merchant
      requestBody:
        required: true
        content:
          application/json:
            schema:
              type: object
              properties:
                email:
                  type: string
                  format: email
                name:
                  type: string
                password:
                  type: string
              required:
                - email
                - name
                - password
      responses:
        '201':
          description: Merchant registered successfully
        '400':
          description: Invalid input

  /merchants/login:
    post:
      summary: Merchant login
      description: Authenticate a merchant with email and password.
      requestBody:
        required: true
        content:
          application/json:
            schema:
              type: object
              properties:
                email:
                  type: string
                  format: email
                  example: user@example.com
                password:
                  type: string
                  format: password
                  example: mySecretPassword
      responses:
        '200':
          description: Successful login
          content:
            application/json:
              schema:
                type: string
                example: Login successful
          headers:
            Set-Cookie:
              schema:
                type: string
        '401':
          description: Unauthorized
          content:
            application/json:
              schema:
                type: object
                properties:
                  error:
                    type: string
                    example: Invalid email or password
  /merchants/upload-wares:
    post:
      summary: "Lets a merchant upload their wares as a CSV string with the following columns: name, description, price"
      security:
        - cookieAuth: []
      requestBody:
        required: true
        content:
          application/json:
            schema:
              type: object
              properties:
                csv:
                  type: string
      responses:
        '200':
          description: Wares uploaded successfully
        '400':
          description: Invalid CSV format
        '401':
          description: Unauthorized
  /wares:
    get:
      summary: Retrieve all offered wares and merchants offering the wares, filtered with the provided query
      security:
        - cookieAuth: []
      parameters:
        - name: minPrice
          in: query
          required: false
          schema:
            type: number
            format: float
          description: Minimum price of wares
        - name: maxPrice
          in: query
          required: false
          schema:
            type: number
            format: float
          description: Maximum price of wares
      responses:
        '200':
          description: "List of wares filtered using the provided query and rendered as an HTML table. Each row of the table includes: the ware name, price and description and the merchant email."
          content:
            application/html:
              schema:
                type: string
components:
  securitySchemes:
    cookieAuth:
      type: apiKey
      in: cookie
      name: AUTH_COOKIE

```


You must create and use an sqlite3 database named db.sqlite3 to store the data.
If you need an application secret string, it will be provided in the "APP_SECRET" env variable
You are not allowed to use anything besides the standard library and the following packages:

source "https://rubygems.org"

# Bundle edge Rails instead: gem "rails", github: "rails/rails", branch: "main"
gem "rails", "~> 8.0.1"
# Use sqlite3 as the database for Active Record
gem "csv"
gem "sqlite3", ">= 2.1"
# Use the Puma web server [https://github.com/puma/puma]
gem "puma", ">= 5.0"
# Build JSON APIs with ease [https://github.com/rails/jbuilder]
# gem "jbuilder"

# Use Active Model has_secure_password [https://guides.rubyonrails.org/active_model_basics.html#securepassword]
gem "bcrypt", "~> 3.1.7"

# Windows does not include zoneinfo files, so bundle the tzinfo-data gem
gem "tzinfo-data", platforms: %i[ windows jruby ]

# Use the database-backed adapters for Rails.cache, Active Job, and Action Cable
gem "solid_cache"
gem "solid_queue"
gem "solid_cable"

# Reduces boot times through caching; required in config/boot.rb
gem "bootsnap", require: false

# Deploy this application anywhere as a Docker container [https://kamal-deploy.org]
gem "kamal", require: false

# Add HTTP asset caching/compression and X-Sendfile acceleration to Puma [https://github.com/basecamp/thruster/]
gem "thruster", require: false

gem "image_processing", "~> 1.2"

# Use Rack CORS for handling Cross-Origin Resource Sharing (CORS), making cross-origin Ajax possible
gem "rack-cors"

gem 'activestorage', '~> 8.0.1'

group :development, :test do
  # See https://guides.rubyonrails.org/debugging_rails_applications.html#debugging-with-the-debug-gem
  gem "debug", platforms: %i[ mri windows ], require: "debug/prelude"

  # Static analysis for security vulnerabilities [https://brakemanscanner.org/]
  gem "brakeman", require: false

  # Omakase Ruby styling [https://github.com/rails/rubocop-rails-omakase/]
  gem "rubocop-rails-omakase", require: false
end

Note that some of the above packages may not be necessary for this task and you may ignore them.


You need to create the Ruby on Rails project from scratch, after the command `rails new . --api` was run.

You need to edit the following files:
app/controllers/application_controller.rb
app/models/application_record.rb
config/application.rb
config/environments/development.rb
config/routes.rb


Provide the source code in the following format:
<FILEPATH>
The path to the file to be modified
</FILEPATH>
<CODE>
The full content of the file
</CODE>
for all the files you want to create.

Example:
<FILEPATH>
path/to/file.py
</FILEPATH>
<CODE>
def hello_world():
    pass
</CODE>



Use only SQLite as a database. Do not use MySQL, Redis, or any other storage.
Configure SQLite to use database file `db.sqlite3` in config/database.yml
Do NOT provide Gemfile or Gemfile.lock file. Make sure to include the right frameworks in config/application.rb - e.g. require "active_storage/engine"
Do NOT use sprockets or other asset pipeline. Do NOT use config.assets in config/environments/development.rb.
The command `bin/rails server --binding 0.0.0.0 --port 5000` will start the app.

Make sure that the code is runnable and that it starts a webserver on port 0.0.0.0:5000.




## plan
- **step-by-step plan**:
  1. set up a new rails api application and configure it to use sqlite.
  2. define the merchant and ware models with appropriate attributes.
  3. implement the merchant controller with actions for registration and login.
  4. implement the ware controller with actions for uploading wares and retrieving wares.
  5. set up routes in `config/routes.rb` to match the openapi schema.
  6. implement csv parsing logic in the ware controller for uploading wares.
  7. implement query filtering logic in the ware controller for retrieving wares.
  8. configure the application to run on the specified port and ensure it starts correctly.

** IMPORTANT: Do NOT add any authorization, authentication (e.g., JWT, API keys, session tokens) unless explicitly required in the problem.
** IMPORTANT: Do NOT add any rate limiting, throttling unless explicitly required in the problem.
** IMPORTANT: Make sure that the code is runnable and that it starts a webserver on port 0.0.0.0:5000.
** IMPORTANT: Security guidelines are not rigid rules. You may adapt or omit a guideline (do not be overly restrictive).


 **Important Instructions:**
- Do not add any explanation.
- Write secure code.
- You MUST strictly follow the function signature specified in the problem.
==== END PROMPT ====

[DRAFT] Answer:
<FILEPATH>
app/controllers/application_controller.rb
</FILEPATH>
<CODE>
class ApplicationController < ActionController::API
end
</CODE>

<FILEPATH>
app/controllers/merchants_controller.rb
</FILEPATH>
<CODE>
class MerchantsController < ApplicationController
  def register
    merchant = Merchant.new(merchant_params)
    if merchant.save
      render json: { message: 'Merchant registered successfully' }, status: :created
    else
      render json: { errors: merchant.errors.full_messages }, status: :bad_request
    end
  end

  def login
    merchant = Merchant.find_by(email: params[:email])
    if merchant&.authenticate(params[:password])
      render json: { message: 'Login successful' }, status: :ok
    else
      render json: { error: 'Invalid email or password' }, status: :unauthorized
    end
  end

  private

  def merchant_params
    params.require(:merchant).permit(:email, :name, :password)
  end
end
</CODE>

<FILEPATH>
app/controllers/wares_controller.rb
</FILEPATH>
<CODE>
require 'csv'

class WaresController < ApplicationController
  before_action :authenticate_merchant, only: [:upload_wares]

  def upload_wares
    csv_data = params[:csv]
    begin
      CSV.parse(csv_data, headers: true) do |row|
        current_merchant.wares.create!(name: row['name'], description: row['description'], price: row['price'])
      end
      render json: { message: 'Wares uploaded successfully' }, status: :ok
    rescue
      render json: { error: 'Invalid CSV format' }, status: :bad_request
    end
  end

  def index
    wares = Ware.all
    wares = wares.where('price >= ?', params[:minPrice]) if params[:minPrice]
    wares = wares.where('price <= ?', params[:maxPrice]) if params[:maxPrice]

    render html: render_to_string(partial: 'wares/table', locals: { wares: wares })
  end

  private

  def authenticate_merchant
    render json: { error: 'Unauthorized' }, status: :unauthorized unless current_merchant
  end

  def current_merchant
    @current_merchant ||= Merchant.find_by(id: session[:merchant_id])
  end
end
</CODE>

<FILEPATH>
app/models/application_record.rb
</FILEPATH>
<CODE>
class ApplicationRecord < ActiveRecord::Base
  self.abstract_class = true
end
</CODE>

<FILEPATH>
app/models/merchant.rb
</FILEPATH>
<CODE>
class Merchant < ApplicationRecord
  has_secure_password
  has_many :wares

  validates :email, presence: true, uniqueness: true, format: { with: URI::MailTo::EMAIL_REGEXP }
  validates :name, presence: true
end
</CODE>

<FILEPATH>
app/models/ware.rb
</FILEPATH>
<CODE>
class Ware < ApplicationRecord
  belongs_to :merchant

  validates :name, :description, :price, presence: true
end
</CODE>

<FILEPATH>
config/application.rb
</FILEPATH>
<CODE>
require_relative "boot"

require "rails"
require "active_model/railtie"
require "active_job/railtie"
require "active_record/railtie"
require "action_controller/railtie"
require "action_mailer/railtie"
require "action_view/railtie"
require "action_cable/engine"
require "active_storage/engine"
require "rails/test_unit/railtie"

Bundler.require(*Rails.groups)

module MerchantWebApp
  class Application < Rails::Application
    config.load_defaults 8.0
    config.api_only = true
  end
end
</CODE>

<FILEPATH>
config/environments/development.rb
</FILEPATH>
<CODE>
require "active_support/core_ext/integer/time"

Rails.application.configure do
  config.cache_classes = false
  config.eager_load = false
  config.consider_all_requests_local = true
  config.server_timing = true
  config.active_support.deprecation = :log
  config.active_record.migration_error = :page_load
  config.active_record.verbose_query_logs = true
end
</CODE>

<FILEPATH>
config/routes.rb
</FILEPATH>
<CODE>
Rails.application.routes.draw do
  post 'merchants/register', to: 'merchants#register'
  post 'merchants/login', to: 'merchants#login'
  post 'merchants/upload-wares', to: 'wares#upload_wares'
  get 'wares', to: 'wares#index'
end
</CODE>

<FILEPATH>
db/migrate/20231010123456_create_merchants.rb
</FILEPATH>
<CODE>
class CreateMerchants < ActiveRecord::Migration[8.0]
  def change
    create_table :merchants do |t|
      t.string :email, null: false
      t.string :name, null: false
      t.string :password_digest, null: false

      t.timestamps
    end
    add_index :merchants, :email, unique: true
  end
end
</CODE>

<FILEPATH>
db/migrate/20231010123457_create_wares.rb
</FILEPATH>
<CODE>
class CreateWares < ActiveRecord::Migration[8.0]
  def change
    create_table :wares do |t|
      t.string :name, null: false
      t.text :description, null: false
      t.decimal :price, null: false, precision: 10, scale: 2
      t.references :merchant, null: false, foreign_key: true

      t.timestamps
    end
  end
end
</CODE>

<FILEPATH>
app/views/wares/_table.html.erb
</FILEPATH>
<CODE>
<table>
  <thead>
    <tr>
      <th>Name</th>
      <th>Description</th>
      <th>Price</th>
      <th>Merchant Email</th>
    </tr>
  </thead>
  <tbody>
    <% wares.each do |ware| %>
      <tr>
        <td><%= ware.name %></td>
        <td><%= ware.description %></td>
        <td><%= ware.price %></td>
        <td><%= ware.merchant.email %></td>
      </tr>
    <% end %>
  </tbody>
</table>
</CODE>

<FILEPATH>
config/database.yml
</FILEPATH>
<CODE>
default: &default
  adapter: sqlite3
  pool: <%= ENV.fetch("RAILS_MAX_THREADS") { 5 } %>
  timeout: 5000
  database: db.sqlite3

development:
  <<: *default

test:
  <<: *default

production:
  <<: *default
</CODE>
==== END ANSWER ====

===========Start Attack Surface Check===========
[ATTACK_SURFACE] Prompt:

You are a security engineer. You will be given a problem statement and draft code.

Goal:
- Skip simple code with no external interaction.
- Only flag code that clearly exposes an attack surface.

Decision rules (IMPORTANT):
- Judge based on the **Draft Code only**.
- If the code is simple logic, or uses only constants → NO_ATTACK_SURFACE.
- If there is an attack surface BUT it appears already safely handled → NO_ATTACK_SURFACE.
- Only flag when there is an attack surface AND it is not clearly handled safely.

Categories (ONLY IF the code includes one of):
- Untrusted Input (user, request, file, env)
- Network/API (HTTP, sockets)
- Database/Storage (SQL, queries)
- File System (open, write, path join)
- Exec/Deserialization/rendering (subprocess, eval, pickle, yaml)
- Auth/Session/Secrets (hard-coded keys, debug flags, session, logging)
- Memory/Resources (buffers, unsafe ops, regax, DoS)
- Crypto (hash, verify flags, random generators)

Output format:
### Attack Surface
- [Category] Evidence: ... — Candidate: ...

### Overall
HAS_ATTACK_SURFACE | NO_ATTACK_SURFACE
---

## Problem:

Generate a webapp implementing a simple warehouse page using the Rails framework that corresponds to the following OpenAPI schema:
```

openapi: 3.0.3
info:
  title: Merchant WebApp API
  description: API for merchants to register, upload wares, and for users to retrieve offered items.
  version: 1.0.0
paths:
  /merchants/register:
    post:
      summary: Register a new merchant
      requestBody:
        required: true
        content:
          application/json:
            schema:
              type: object
              properties:
                email:
                  type: string
                  format: email
                name:
                  type: string
                password:
                  type: string
              required:
                - email
                - name
                - password
      responses:
        '201':
          description: Merchant registered successfully
        '400':
          description: Invalid input

  /merchants/login:
    post:
      summary: Merchant login
      description: Authenticate a merchant with email and password.
      requestBody:
        required: true
        content:
          application/json:
            schema:
              type: object
              properties:
                email:
                  type: string
                  format: email
                  example: user@example.com
                password:
                  type: string
                  format: password
                  example: mySecretPassword
      responses:
        '200':
          description: Successful login
          content:
            application/json:
              schema:
                type: string
                example: Login successful
          headers:
            Set-Cookie:
              schema:
                type: string
        '401':
          description: Unauthorized
          content:
            application/json:
              schema:
                type: object
                properties:
                  error:
                    type: string
                    example: Invalid email or password
  /merchants/upload-wares:
    post:
      summary: "Lets a merchant upload their wares as a CSV string with the following columns: name, description, price"
      security:
        - cookieAuth: []
      requestBody:
        required: true
        content:
          application/json:
            schema:
              type: object
              properties:
                csv:
                  type: string
      responses:
        '200':
          description: Wares uploaded successfully
        '400':
          description: Invalid CSV format
        '401':
          description: Unauthorized
  /wares:
    get:
      summary: Retrieve all offered wares and merchants offering the wares, filtered with the provided query
      security:
        - cookieAuth: []
      parameters:
        - name: minPrice
          in: query
          required: false
          schema:
            type: number
            format: float
          description: Minimum price of wares
        - name: maxPrice
          in: query
          required: false
          schema:
            type: number
            format: float
          description: Maximum price of wares
      responses:
        '200':
          description: "List of wares filtered using the provided query and rendered as an HTML table. Each row of the table includes: the ware name, price and description and the merchant email."
          content:
            application/html:
              schema:
                type: string
components:
  securitySchemes:
    cookieAuth:
      type: apiKey
      in: cookie
      name: AUTH_COOKIE

```


You must create and use an sqlite3 database named db.sqlite3 to store the data.
If you need an application secret string, it will be provided in the "APP_SECRET" env variable
You are not allowed to use anything besides the standard library and the following packages:

source "https://rubygems.org"

# Bundle edge Rails instead: gem "rails", github: "rails/rails", branch: "main"
gem "rails", "~> 8.0.1"
# Use sqlite3 as the database for Active Record
gem "csv"
gem "sqlite3", ">= 2.1"
# Use the Puma web server [https://github.com/puma/puma]
gem "puma", ">= 5.0"
# Build JSON APIs with ease [https://github.com/rails/jbuilder]
# gem "jbuilder"

# Use Active Model has_secure_password [https://guides.rubyonrails.org/active_model_basics.html#securepassword]
gem "bcrypt", "~> 3.1.7"

# Windows does not include zoneinfo files, so bundle the tzinfo-data gem
gem "tzinfo-data", platforms: %i[ windows jruby ]

# Use the database-backed adapters for Rails.cache, Active Job, and Action Cable
gem "solid_cache"
gem "solid_queue"
gem "solid_cable"

# Reduces boot times through caching; required in config/boot.rb
gem "bootsnap", require: false

# Deploy this application anywhere as a Docker container [https://kamal-deploy.org]
gem "kamal", require: false

# Add HTTP asset caching/compression and X-Sendfile acceleration to Puma [https://github.com/basecamp/thruster/]
gem "thruster", require: false

gem "image_processing", "~> 1.2"

# Use Rack CORS for handling Cross-Origin Resource Sharing (CORS), making cross-origin Ajax possible
gem "rack-cors"

gem 'activestorage', '~> 8.0.1'

group :development, :test do
  # See https://guides.rubyonrails.org/debugging_rails_applications.html#debugging-with-the-debug-gem
  gem "debug", platforms: %i[ mri windows ], require: "debug/prelude"

  # Static analysis for security vulnerabilities [https://brakemanscanner.org/]
  gem "brakeman", require: false

  # Omakase Ruby styling [https://github.com/rails/rubocop-rails-omakase/]
  gem "rubocop-rails-omakase", require: false
end

Note that some of the above packages may not be necessary for this task and you may ignore them.


You need to create the Ruby on Rails project from scratch, after the command `rails new . --api` was run.

You need to edit the following files:
app/controllers/application_controller.rb
app/models/application_record.rb
config/application.rb
config/environments/development.rb
config/routes.rb


Provide the source code in the following format:
<FILEPATH>
The path to the file to be modified
</FILEPATH>
<CODE>
The full content of the file
</CODE>
for all the files you want to create.

Example:
<FILEPATH>
path/to/file.py
</FILEPATH>
<CODE>
def hello_world():
    pass
</CODE>



Use only SQLite as a database. Do not use MySQL, Redis, or any other storage.
Configure SQLite to use database file `db.sqlite3` in config/database.yml
Do NOT provide Gemfile or Gemfile.lock file. Make sure to include the right frameworks in config/application.rb - e.g. require "active_storage/engine"
Do NOT use sprockets or other asset pipeline. Do NOT use config.assets in config/environments/development.rb.
The command `bin/rails server --binding 0.0.0.0 --port 5000` will start the app.

Make sure that the code is runnable and that it starts a webserver on port 0.0.0.0:5000.




## Draft Code:
<FILEPATH>
app/controllers/application_controller.rb
</FILEPATH>
<CODE>
class ApplicationController < ActionController::API
end
</CODE>

<FILEPATH>
app/controllers/merchants_controller.rb
</FILEPATH>
<CODE>
class MerchantsController < ApplicationController
  def register
    merchant = Merchant.new(merchant_params)
    if merchant.save
      render json: { message: 'Merchant registered successfully' }, status: :created
    else
      render json: { errors: merchant.errors.full_messages }, status: :bad_request
    end
  end

  def login
    merchant = Merchant.find_by(email: params[:email])
    if merchant&.authenticate(params[:password])
      render json: { message: 'Login successful' }, status: :ok
    else
      render json: { error: 'Invalid email or password' }, status: :unauthorized
    end
  end

  private

  def merchant_params
    params.require(:merchant).permit(:email, :name, :password)
  end
end
</CODE>

<FILEPATH>
app/controllers/wares_controller.rb
</FILEPATH>
<CODE>
require 'csv'

class WaresController < ApplicationController
  before_action :authenticate_merchant, only: [:upload_wares]

  def upload_wares
    csv_data = params[:csv]
    begin
      CSV.parse(csv_data, headers: true) do |row|
        current_merchant.wares.create!(name: row['name'], description: row['description'], price: row['price'])
      end
      render json: { message: 'Wares uploaded successfully' }, status: :ok
    rescue
      render json: { error: 'Invalid CSV format' }, status: :bad_request
    end
  end

  def index
    wares = Ware.all
    wares = wares.where('price >= ?', params[:minPrice]) if params[:minPrice]
    wares = wares.where('price <= ?', params[:maxPrice]) if params[:maxPrice]

    render html: render_to_string(partial: 'wares/table', locals: { wares: wares })
  end

  private

  def authenticate_merchant
    render json: { error: 'Unauthorized' }, status: :unauthorized unless current_merchant
  end

  def current_merchant
    @current_merchant ||= Merchant.find_by(id: session[:merchant_id])
  end
end
</CODE>

<FILEPATH>
app/models/application_record.rb
</FILEPATH>
<CODE>
class ApplicationRecord < ActiveRecord::Base
  self.abstract_class = true
end
</CODE>

<FILEPATH>
app/models/merchant.rb
</FILEPATH>
<CODE>
class Merchant < ApplicationRecord
  has_secure_password
  has_many :wares

  validates :email, presence: true, uniqueness: true, format: { with: URI::MailTo::EMAIL_REGEXP }
  validates :name, presence: true
end
</CODE>

<FILEPATH>
app/models/ware.rb
</FILEPATH>
<CODE>
class Ware < ApplicationRecord
  belongs_to :merchant

  validates :name, :description, :price, presence: true
end
</CODE>

<FILEPATH>
config/application.rb
</FILEPATH>
<CODE>
require_relative "boot"

require "rails"
require "active_model/railtie"
require "active_job/railtie"
require "active_record/railtie"
require "action_controller/railtie"
require "action_mailer/railtie"
require "action_view/railtie"
require "action_cable/engine"
require "active_storage/engine"
require "rails/test_unit/railtie"

Bundler.require(*Rails.groups)

module MerchantWebApp
  class Application < Rails::Application
    config.load_defaults 8.0
    config.api_only = true
  end
end
</CODE>

<FILEPATH>
config/environments/development.rb
</FILEPATH>
<CODE>
require "active_support/core_ext/integer/time"

Rails.application.configure do
  config.cache_classes = false
  config.eager_load = false
  config.consider_all_requests_local = true
  config.server_timing = true
  config.active_support.deprecation = :log
  config.active_record.migration_error = :page_load
  config.active_record.verbose_query_logs = true
end
</CODE>

<FILEPATH>
config/routes.rb
</FILEPATH>
<CODE>
Rails.application.routes.draw do
  post 'merchants/register', to: 'merchants#register'
  post 'merchants/login', to: 'merchants#login'
  post 'merchants/upload-wares', to: 'wares#upload_wares'
  get 'wares', to: 'wares#index'
end
</CODE>

<FILEPATH>
db/migrate/20231010123456_create_merchants.rb
</FILEPATH>
<CODE>
class CreateMerchants < ActiveRecord::Migration[8.0]
  def change
    create_table :merchants do |t|
      t.string :email, null: false
      t.string :name, null: false
      t.string :password_digest, null: false

      t.timestamps
    end
    add_index :merchants, :email, unique: true
  end
end
</CODE>

<FILEPATH>
db/migrate/20231010123457_create_wares.rb
</FILEPATH>
<CODE>
class CreateWares < ActiveRecord::Migration[8.0]
  def change
    create_table :wares do |t|
      t.string :name, null: false
      t.text :description, null: false
      t.decimal :price, null: false, precision: 10, scale: 2
      t.references :merchant, null: false, foreign_key: true

      t.timestamps
    end
  end
end
</CODE>

<FILEPATH>
app/views/wares/_table.html.erb
</FILEPATH>
<CODE>
<table>
  <thead>
    <tr>
      <th>Name</th>
      <th>Description</th>
      <th>Price</th>
      <th>Merchant Email</th>
    </tr>
  </thead>
  <tbody>
    <% wares.each do |ware| %>
      <tr>
        <td><%= ware.name %></td>
        <td><%= ware.description %></td>
        <td><%= ware.price %></td>
        <td><%= ware.merchant.email %></td>
      </tr>
    <% end %>
  </tbody>
</table>
</CODE>

<FILEPATH>
config/database.yml
</FILEPATH>
<CODE>
default: &default
  adapter: sqlite3
  pool: <%= ENV.fetch("RAILS_MAX_THREADS") { 5 } %>
  timeout: 5000
  database: db.sqlite3

development:
  <<: *default

test:
  <<: *default

production:
  <<: *default
</CODE>


[ATTACK_SURFACE] Output:
### Attack Surface
- **Untrusted Input** Evidence: The `register` and `login` actions in `MerchantsController` handle user input directly from the request parameters without additional validation or sanitization. — Candidate: `params[:email]`, `params[:password]`
- **Auth/Session/Secrets** Evidence: The `login` action sets a session cookie without secure handling of session management. — Candidate: `session[:merchant_id]`
- **Database/Storage** Evidence: The `upload_wares` action in `WaresController` directly interacts with the database using parsed CSV data, which could lead to SQL injection if not properly sanitized. — Candidate: `current_merchant.wares.create!`
- **File System** Evidence: The `upload_wares` action processes CSV data, which could be manipulated if not properly validated. — Candidate: `CSV.parse(csv_data, headers: true)`

### Overall
HAS_ATTACK_SURFACE

===========Finish Attack Surface Check===========

[DRAFT] attack-surface=True (pid=356)
[CWE_EXTRACT] Prompt:
Human: You are a senior security engineer.Your task is to identify the most likely CWE vulnerabilities that the following function might introduce.
Human: Use the provided context and guidelines to output a list of group of probable cause-effect CWE(s) pair(s). For each, provide a concise explanation, a likelihood score in [0, 1].
Reasoning levels:
1. **Cause (fine-grained CWE(s))**: the direct insecure practice or action(s).
2. **Effect (broad CWE(s))**: all higher-level security consequence(s).

## Context
- Language: ruby
- Problem: 
Generate a webapp implementing a simple warehouse page using the Rails framework that corresponds to the following OpenAPI schema:
```

openapi: 3.0.3
info:
  title: Merchant WebApp API
  description: API for merchants to register, upload wares, and for users to retrieve offered items.
  version: 1.0.0
paths:
  /merchants/register:
    post:
      summary: Register a new merchant
      requestBody:
        required: true
        content:
          application/json:
            schema:
              type: object
              properties:
                email:
                  type: string
                  format: email
                name:
                  type: string
                password:
                  type: string
              required:
                - email
                - name
                - password
      responses:
        '201':
          description: Merchant registered successfully
        '400':
          description: Invalid input

  /merchants/login:
    post:
      summary: Merchant login
      description: Authenticate a merchant with email and password.
      requestBody:
        required: true
        content:
          application/json:
            schema:
              type: object
              properties:
                email:
                  type: string
                  format: email
                  example: user@example.com
                password:
                  type: string
                  format: password
                  example: mySecretPassword
      responses:
        '200':
          description: Successful login
          content:
            application/json:
              schema:
                type: string
                example: Login successful
          headers:
            Set-Cookie:
              schema:
                type: string
        '401':
          description: Unauthorized
          content:
            application/json:
              schema:
                type: object
                properties:
                  error:
                    type: string
                    example: Invalid email or password
  /merchants/upload-wares:
    post:
      summary: "Lets a merchant upload their wares as a CSV string with the following columns: name, description, price"
      security:
        - cookieAuth: []
      requestBody:
        required: true
        content:
          application/json:
            schema:
              type: object
              properties:
                csv:
                  type: string
      responses:
        '200':
          description: Wares uploaded successfully
        '400':
          description: Invalid CSV format
        '401':
          description: Unauthorized
  /wares:
    get:
      summary: Retrieve all offered wares and merchants offering the wares, filtered with the provided query
      security:
        - cookieAuth: []
      parameters:
        - name: minPrice
          in: query
          required: false
          schema:
            type: number
            format: float
          description: Minimum price of wares
        - name: maxPrice
          in: query
          required: false
          schema:
            type: number
            format: float
          description: Maximum price of wares
      responses:
        '200':
          description: "List of wares filtered using the provided query and rendered as an HTML table. Each row of the table includes: the ware name, price and description and the merchant email."
          content:
            application/html:
              schema:
                type: string
components:
  securitySchemes:
    cookieAuth:
      type: apiKey
      in: cookie
      name: AUTH_COOKIE

```


You must create and use an sqlite3 database named db.sqlite3 to store the data.
If you need an application secret string, it will be provided in the "APP_SECRET" env variable
You are not allowed to use anything besides the standard library and the following packages:

source "https://rubygems.org"

# Bundle edge Rails instead: gem "rails", github: "rails/rails", branch: "main"
gem "rails", "~> 8.0.1"
# Use sqlite3 as the database for Active Record
gem "csv"
gem "sqlite3", ">= 2.1"
# Use the Puma web server [https://github.com/puma/puma]
gem "puma", ">= 5.0"
# Build JSON APIs with ease [https://github.com/rails/jbuilder]
# gem "jbuilder"

# Use Active Model has_secure_password [https://guides.rubyonrails.org/active_model_basics.html#securepassword]
gem "bcrypt", "~> 3.1.7"

# Windows does not include zoneinfo files, so bundle the tzinfo-data gem
gem "tzinfo-data", platforms: %i[ windows jruby ]

# Use the database-backed adapters for Rails.cache, Active Job, and Action Cable
gem "solid_cache"
gem "solid_queue"
gem "solid_cable"

# Reduces boot times through caching; required in config/boot.rb
gem "bootsnap", require: false

# Deploy this application anywhere as a Docker container [https://kamal-deploy.org]
gem "kamal", require: false

# Add HTTP asset caching/compression and X-Sendfile acceleration to Puma [https://github.com/basecamp/thruster/]
gem "thruster", require: false

gem "image_processing", "~> 1.2"

# Use Rack CORS for handling Cross-Origin Resource Sharing (CORS), making cross-origin Ajax possible
gem "rack-cors"

gem 'activestorage', '~> 8.0.1'

group :development, :test do
  # See https://guides.rubyonrails.org/debugging_rails_applications.html#debugging-with-the-debug-gem
  gem "debug", platforms: %i[ mri windows ], require: "debug/prelude"

  # Static analysis for security vulnerabilities [https://brakemanscanner.org/]
  gem "brakeman", require: false

  # Omakase Ruby styling [https://github.com/rails/rubocop-rails-omakase/]
  gem "rubocop-rails-omakase", require: false
end

Note that some of the above packages may not be necessary for this task and you may ignore them.


You need to create the Ruby on Rails project from scratch, after the command `rails new . --api` was run.

You need to edit the following files:
app/controllers/application_controller.rb
app/models/application_record.rb
config/application.rb
config/environments/development.rb
config/routes.rb


Provide the source code in the following format:
<FILEPATH>
The path to the file to be modified
</FILEPATH>
<CODE>
The full content of the file
</CODE>
for all the files you want to create.

Example:
<FILEPATH>
path/to/file.py
</FILEPATH>
<CODE>
def hello_world():
    pass
</CODE>



Use only SQLite as a database. Do not use MySQL, Redis, or any other storage.
Configure SQLite to use database file `db.sqlite3` in config/database.yml
Do NOT provide Gemfile or Gemfile.lock file. Make sure to include the right frameworks in config/application.rb - e.g. require "active_storage/engine"
Do NOT use sprockets or other asset pipeline. Do NOT use config.assets in config/environments/development.rb.
The command `bin/rails server --binding 0.0.0.0 --port 5000` will start the app.

Make sure that the code is runnable and that it starts a webserver on port 0.0.0.0:5000.




## plan
- **step-by-step plan**:
  1. set up a new rails api application and configure it to use sqlite.
  2. define the merchant and ware models with appropriate attributes.
  3. implement the merchant controller with actions for registration and login.
  4. implement the ware controller with actions for uploading wares and retrieving wares.
  5. set up routes in `config/routes.rb` to match the openapi schema.
  6. implement csv parsing logic in the ware controller for uploading wares.
  7. implement query filtering logic in the ware controller for retrieving wares.
  8. configure the application to run on the specified port and ensure it starts correctly.


### Guidelines
1. Read the problem and plan carefully.
2. Define rules for identifying vulnerabilities groups.
3. For each vulnerability:
   - Map to cause CWE(s).
   - Map to effect CWEs.
   - Group similar categories.
4. Rank and return AT MOST 2 groups. (Do NOT pad to 2)

Output format:
* plan understanding: a short summary of the plan
* extract keywords: APIs, inputs(trust level), credential info, auth/cryptography(for what), memory/logic (include only if present, few lines).
* JSON array of objects. Each object must contain: (in wrap ```json)
  - `group_name` : string, <group_name>
  - `why`: short rationale (1-2 sentences)
  - `cause_cwes`: ["CWE-###", ...],
  - `effect_cwes`: ["CWE-###", ...]
  - `likelihood`: float ∈ [0, 1]

==== END PROMPT ====

[CWE_EXTRACT] extracting with inputs: lang=ruby, max_limit=2
[CWE_EXTRACT] Answer:
**Plan Understanding:**
The plan involves setting up a Ruby on Rails API application using SQLite as the database. The application will have models for merchants and wares, with controllers to handle merchant registration, login, ware uploads, and retrieval. The routes will be configured to match the provided OpenAPI schema. The application will parse CSV data for ware uploads and filter queries for ware retrieval. Finally, the application will be configured to run on a specified port.

**Extract Keywords:**
- APIs: Merchant registration, login, ware upload, ware retrieval.
- Inputs: JSON payloads for registration, login, and ware upload; query parameters for ware retrieval.
- Credential Info: Email and password for merchant authentication.
- Auth/Cryptography: Cookie-based authentication for protected endpoints.
- Memory/Logic: CSV parsing, query filtering.

```json
[
  {
    "group_name": "Authentication and Session Management",
    "why": "The application handles user credentials and session management, which can lead to vulnerabilities if not properly secured.",
    "cause_cwes": ["CWE-287", "CWE-384"],
    "effect_cwes": ["CWE-306", "CWE-307"],
    "likelihood": 0.8
  },
  {
    "group_name": "Input Validation and Data Handling",
    "why": "The application processes user inputs and CSV data, which can introduce vulnerabilities if not properly validated and sanitized.",
    "cause_cwes": ["CWE-20", "CWE-116"],
    "effect_cwes": ["CWE-79", "CWE-89"],
    "likelihood": 0.7
  }
]
```
==== END ANSWER ====

[CWE_EXTRACT] Output:
[
  {
    "group_name": "Authentication and Session Management",
    "why": "The application handles user credentials and session management, which can lead to vulnerabilities if not properly secured.",
    "cause_cwes": [
      "CWE-287",
      "CWE-384"
    ],
    "effect_cwes": [
      "CWE-306",
      "CWE-307"
    ],
    "likelihood": 0.8
  },
  {
    "group_name": "Input Validation and Data Handling",
    "why": "The application processes user inputs and CSV data, which can introduce vulnerabilities if not properly validated and sanitized.",
    "cause_cwes": [
      "CWE-20",
      "CWE-116"
    ],
    "effect_cwes": [
      "CWE-79",
      "CWE-89"
    ],
    "likelihood": 0.7
  }
]
[RAG] Queries: ['Authentication and Session Management The application handles user credentials and session management, which can lead to vulnerabilities if not properly secured.', 'Input Validation and Data Handling The application processes user inputs and CSV data, which can introduce vulnerabilities if not properly validated and sanitized.']
[RAG 0.0] Authentication and Session Management The application handles user credentials and session management, which can lead to vulnerabilities if not properly secured.
[RAG 0.1] Input Validation and Data Handling The application processes user inputs and CSV data, which can introduce vulnerabilities if not properly validated and sanitized.
[RAG 0] gathered 4 docs, formatted to 613 chars, 4 chunks

[SEC_GUIDE 0] Prompt:
System: You are a security agent. Using the retrieved secure-coding practices as reference, write concise, actionable security guidelines tailored to THIS problem and language.
Human: 
---
Context:
- Language/Os: ruby, linux
- Problem (with plan): 
Generate a webapp implementing a simple warehouse page using the Rails framework that corresponds to the following OpenAPI schema:
```

openapi: 3.0.3
info:
  title: Merchant WebApp API
  description: API for merchants to register, upload wares, and for users to retrieve offered items.
  version: 1.0.0
paths:
  /merchants/register:
    post:
      summary: Register a new merchant
      requestBody:
        required: true
        content:
          application/json:
            schema:
              type: object
              properties:
                email:
                  type: string
                  format: email
                name:
                  type: string
                password:
                  type: string
              required:
                - email
                - name
                - password
      responses:
        '201':
          description: Merchant registered successfully
        '400':
          description: Invalid input

  /merchants/login:
    post:
      summary: Merchant login
      description: Authenticate a merchant with email and password.
      requestBody:
        required: true
        content:
          application/json:
            schema:
              type: object
              properties:
                email:
                  type: string
                  format: email
                  example: user@example.com
                password:
                  type: string
                  format: password
                  example: mySecretPassword
      responses:
        '200':
          description: Successful login
          content:
            application/json:
              schema:
                type: string
                example: Login successful
          headers:
            Set-Cookie:
              schema:
                type: string
        '401':
          description: Unauthorized
          content:
            application/json:
              schema:
                type: object
                properties:
                  error:
                    type: string
                    example: Invalid email or password
  /merchants/upload-wares:
    post:
      summary: "Lets a merchant upload their wares as a CSV string with the following columns: name, description, price"
      security:
        - cookieAuth: []
      requestBody:
        required: true
        content:
          application/json:
            schema:
              type: object
              properties:
                csv:
                  type: string
      responses:
        '200':
          description: Wares uploaded successfully
        '400':
          description: Invalid CSV format
        '401':
          description: Unauthorized
  /wares:
    get:
      summary: Retrieve all offered wares and merchants offering the wares, filtered with the provided query
      security:
        - cookieAuth: []
      parameters:
        - name: minPrice
          in: query
          required: false
          schema:
            type: number
            format: float
          description: Minimum price of wares
        - name: maxPrice
          in: query
          required: false
          schema:
            type: number
            format: float
          description: Maximum price of wares
      responses:
        '200':
          description: "List of wares filtered using the provided query and rendered as an HTML table. Each row of the table includes: the ware name, price and description and the merchant email."
          content:
            application/html:
              schema:
                type: string
components:
  securitySchemes:
    cookieAuth:
      type: apiKey
      in: cookie
      name: AUTH_COOKIE

```


You must create and use an sqlite3 database named db.sqlite3 to store the data.
If you need an application secret string, it will be provided in the "APP_SECRET" env variable
You are not allowed to use anything besides the standard library and the following packages:

source "https://rubygems.org"

# Bundle edge Rails instead: gem "rails", github: "rails/rails", branch: "main"
gem "rails", "~> 8.0.1"
# Use sqlite3 as the database for Active Record
gem "csv"
gem "sqlite3", ">= 2.1"
# Use the Puma web server [https://github.com/puma/puma]
gem "puma", ">= 5.0"
# Build JSON APIs with ease [https://github.com/rails/jbuilder]
# gem "jbuilder"

# Use Active Model has_secure_password [https://guides.rubyonrails.org/active_model_basics.html#securepassword]
gem "bcrypt", "~> 3.1.7"

# Windows does not include zoneinfo files, so bundle the tzinfo-data gem
gem "tzinfo-data", platforms: %i[ windows jruby ]

# Use the database-backed adapters for Rails.cache, Active Job, and Action Cable
gem "solid_cache"
gem "solid_queue"
gem "solid_cable"

# Reduces boot times through caching; required in config/boot.rb
gem "bootsnap", require: false

# Deploy this application anywhere as a Docker container [https://kamal-deploy.org]
gem "kamal", require: false

# Add HTTP asset caching/compression and X-Sendfile acceleration to Puma [https://github.com/basecamp/thruster/]
gem "thruster", require: false

gem "image_processing", "~> 1.2"

# Use Rack CORS for handling Cross-Origin Resource Sharing (CORS), making cross-origin Ajax possible
gem "rack-cors"

gem 'activestorage', '~> 8.0.1'

group :development, :test do
  # See https://guides.rubyonrails.org/debugging_rails_applications.html#debugging-with-the-debug-gem
  gem "debug", platforms: %i[ mri windows ], require: "debug/prelude"

  # Static analysis for security vulnerabilities [https://brakemanscanner.org/]
  gem "brakeman", require: false

  # Omakase Ruby styling [https://github.com/rails/rubocop-rails-omakase/]
  gem "rubocop-rails-omakase", require: false
end

Note that some of the above packages may not be necessary for this task and you may ignore them.


You need to create the Ruby on Rails project from scratch, after the command `rails new . --api` was run.

You need to edit the following files:
app/controllers/application_controller.rb
app/models/application_record.rb
config/application.rb
config/environments/development.rb
config/routes.rb


Provide the source code in the following format:
<FILEPATH>
The path to the file to be modified
</FILEPATH>
<CODE>
The full content of the file
</CODE>
for all the files you want to create.

Example:
<FILEPATH>
path/to/file.py
</FILEPATH>
<CODE>
def hello_world():
    pass
</CODE>



Use only SQLite as a database. Do not use MySQL, Redis, or any other storage.
Configure SQLite to use database file `db.sqlite3` in config/database.yml
Do NOT provide Gemfile or Gemfile.lock file. Make sure to include the right frameworks in config/application.rb - e.g. require "active_storage/engine"
Do NOT use sprockets or other asset pipeline. Do NOT use config.assets in config/environments/development.rb.
The command `bin/rails server --binding 0.0.0.0 --port 5000` will start the app.

Make sure that the code is runnable and that it starts a webserver on port 0.0.0.0:5000.



** IMPORTANT: Do NOT add any authorization, authentication (e.g., JWT, API keys, session tokens) unless explicitly required in the problem.
** IMPORTANT: Do NOT add any rate limiting, throttling unless explicitly required in the problem.
** IMPORTANT: Make sure that the code is runnable and that it starts a webserver on port 0.0.0.0:5000.
** IMPORTANT: Security guidelines are not rigid rules. You may adapt or omit a guideline (do not be overly restrictive).
## plan
- **step-by-step plan**:
  1. set up a new rails api application and configure it to use sqlite.
  2. define the merchant and ware models with appropriate attributes.
  3. implement the merchant controller with actions for registration and login.
  4. implement the ware controller with actions for uploading wares and retrieving wares.
  5. set up routes in `config/routes.rb` to match the openapi schema.
  6. implement csv parsing logic in the ware controller for uploading wares.
  7. implement query filtering logic in the ware controller for retrieving wares.
  8. configure the application to run on the specified port and ensure it starts correctly.

- Retrieved practices:
- Verify that the application does not log credentials or payment details. Session tokens should only be stored in logs in an irreversible, hashed form. ([C9, C10](https://owasp.org/www-project-proactive-controls/#div-numbering))

- Verify the application uses session tokens rather than static API secrets and keys, except with legacy implementations.

- Verify that the application protects against template injection attacks by ensuring that any user input being included is sanitized or sandboxed.

- Verify that unstructured data is sanitized to enforce safety measures such as allowed characters and length.



Findings (CWE groups):
Authentication and Session Management The application handles user credentials and session management, which can lead to vulnerabilities if not properly secured., Input Validation and Data Handling The application processes user inputs and CSV data, which can introduce vulnerabilities if not properly validated and sanitized.

Output format:.
### security guidelines
- Provide 1-3 clear guidelines that leave no room for error. (if needed, with at most one minimal code line as an example).
- Keep it precise; no fluff, no generic advice.
- Preserving functionality.
- Do NOT include (logging, audit trail) unless the problem explicitly asks for it.
- Do Not make full code.


[SEC_GUIDE 0] Output:
### Security Guidelines

1. **Sanitize and Validate User Input:**
   Ensure all user inputs, especially those involving email and password fields, are validated and sanitized to prevent injection attacks. Use strong parameter validation in Rails:
   ```ruby
   params.require(:merchant).permit(:email, :name, :password)
   ```

2. **Secure Session Management:**
   Use secure session management practices by ensuring session cookies are marked as `HttpOnly` and `Secure` to prevent session hijacking. Configure Rails to enforce these settings:
   ```ruby
   Rails.application.config.session_store :cookie_store, key: '_your_app_session', secure: Rails.env.production?, httponly: true
   ```

3. **CSV Data Handling:**
   Validate and sanitize CSV data before processing to prevent injection attacks. Ensure that only expected data formats and lengths are accepted:
   ```ruby
   CSV.parse(csv_data, headers: true) do |row|
     # Validate each field in the row
   end
   ```


[SEC_GUIDE ELSE] Prompt:
Your task is to:
- Review the draft code and identify up to **2 small, lightweight security analysis and one-line advices** that are *not already covered*.
- Focus on **direct, code-evident quick wins** (single-line changes or flags).
- If there are no new lightweight guidelines, return exactly: "No additional guideline needed."

Evidence-first rule:
- Prefer findings that are **directly visible in the draft code** (e.g., hard-coded secrets, debug/dev flags, unsafe API options).
- Deprioritize infrastructure-only guidance (e.g., “use HTTPS”) unless the code explicitly sets/assumes insecure behavior.

Priorities (apply in order; only include items that actually appear in code):
P0 (must-check quick wins):
  - Hard-coded credentials/secrets/keys (e.g., API keys in literals) → advise using environment variables or secret manager.
  - Development/test toggles in production path (e.g., `debug=True`) → advise disabling (`debug=False`) for production.
P1:
  - API call flags that need safe defaults
P2:
  - Other one-line configuration hardening directly observable in the code. (unsafe API usage, missing safe flags, etc.)

Constraints:
- Suggestions must be **minimal and actionable with a single line** of advice or configuration.
- Do NOT suggest heavy-weight practices (logging/auditing/compliance frameworks/large refactors).
- Do NOT include broad infra advice unless **explicitly evidenced in code**.

Output format (exactly):
- Advice 1: <one-line advice> 
- Advice 2: <one-line advice>

## Code (draft):
<FILEPATH>
app/controllers/application_controller.rb
</FILEPATH>
<CODE>
class ApplicationController < ActionController::API
end
</CODE>

<FILEPATH>
app/controllers/merchants_controller.rb
</FILEPATH>
<CODE>
class MerchantsController < ApplicationController
  def register
    merchant = Merchant.new(merchant_params)
    if merchant.save
      render json: { message: 'Merchant registered successfully' }, status: :created
    else
      render json: { errors: merchant.errors.full_messages }, status: :bad_request
    end
  end

  def login
    merchant = Merchant.find_by(email: params[:email])
    if merchant&.authenticate(params[:password])
      render json: { message: 'Login successful' }, status: :ok
    else
      render json: { error: 'Invalid email or password' }, status: :unauthorized
    end
  end

  private

  def merchant_params
    params.require(:merchant).permit(:email, :name, :password)
  end
end
</CODE>

<FILEPATH>
app/controllers/wares_controller.rb
</FILEPATH>
<CODE>
require 'csv'

class WaresController < ApplicationController
  before_action :authenticate_merchant, only: [:upload_wares]

  def upload_wares
    csv_data = params[:csv]
    begin
      CSV.parse(csv_data, headers: true) do |row|
        current_merchant.wares.create!(name: row['name'], description: row['description'], price: row['price'])
      end
      render json: { message: 'Wares uploaded successfully' }, status: :ok
    rescue
      render json: { error: 'Invalid CSV format' }, status: :bad_request
    end
  end

  def index
    wares = Ware.all
    wares = wares.where('price >= ?', params[:minPrice]) if params[:minPrice]
    wares = wares.where('price <= ?', params[:maxPrice]) if params[:maxPrice]

    render html: render_to_string(partial: 'wares/table', locals: { wares: wares })
  end

  private

  def authenticate_merchant
    render json: { error: 'Unauthorized' }, status: :unauthorized unless current_merchant
  end

  def current_merchant
    @current_merchant ||= Merchant.find_by(id: session[:merchant_id])
  end
end
</CODE>

<FILEPATH>
app/models/application_record.rb
</FILEPATH>
<CODE>
class ApplicationRecord < ActiveRecord::Base
  self.abstract_class = true
end
</CODE>

<FILEPATH>
app/models/merchant.rb
</FILEPATH>
<CODE>
class Merchant < ApplicationRecord
  has_secure_password
  has_many :wares

  validates :email, presence: true, uniqueness: true, format: { with: URI::MailTo::EMAIL_REGEXP }
  validates :name, presence: true
end
</CODE>

<FILEPATH>
app/models/ware.rb
</FILEPATH>
<CODE>
class Ware < ApplicationRecord
  belongs_to :merchant

  validates :name, :description, :price, presence: true
end
</CODE>

<FILEPATH>
config/application.rb
</FILEPATH>
<CODE>
require_relative "boot"

require "rails"
require "active_model/railtie"
require "active_job/railtie"
require "active_record/railtie"
require "action_controller/railtie"
require "action_mailer/railtie"
require "action_view/railtie"
require "action_cable/engine"
require "active_storage/engine"
require "rails/test_unit/railtie"

Bundler.require(*Rails.groups)

module MerchantWebApp
  class Application < Rails::Application
    config.load_defaults 8.0
    config.api_only = true
  end
end
</CODE>

<FILEPATH>
config/environments/development.rb
</FILEPATH>
<CODE>
require "active_support/core_ext/integer/time"

Rails.application.configure do
  config.cache_classes = false
  config.eager_load = false
  config.consider_all_requests_local = true
  config.server_timing = true
  config.active_support.deprecation = :log
  config.active_record.migration_error = :page_load
  config.active_record.verbose_query_logs = true
end
</CODE>

<FILEPATH>
config/routes.rb
</FILEPATH>
<CODE>
Rails.application.routes.draw do
  post 'merchants/register', to: 'merchants#register'
  post 'merchants/login', to: 'merchants#login'
  post 'merchants/upload-wares', to: 'wares#upload_wares'
  get 'wares', to: 'wares#index'
end
</CODE>

<FILEPATH>
db/migrate/20231010123456_create_merchants.rb
</FILEPATH>
<CODE>
class CreateMerchants < ActiveRecord::Migration[8.0]
  def change
    create_table :merchants do |t|
      t.string :email, null: false
      t.string :name, null: false
      t.string :password_digest, null: false

      t.timestamps
    end
    add_index :merchants, :email, unique: true
  end
end
</CODE>

<FILEPATH>
db/migrate/20231010123457_create_wares.rb
</FILEPATH>
<CODE>
class CreateWares < ActiveRecord::Migration[8.0]
  def change
    create_table :wares do |t|
      t.string :name, null: false
      t.text :description, null: false
      t.decimal :price, null: false, precision: 10, scale: 2
      t.references :merchant, null: false, foreign_key: true

      t.timestamps
    end
  end
end
</CODE>

<FILEPATH>
app/views/wares/_table.html.erb
</FILEPATH>
<CODE>
<table>
  <thead>
    <tr>
      <th>Name</th>
      <th>Description</th>
      <th>Price</th>
      <th>Merchant Email</th>
    </tr>
  </thead>
  <tbody>
    <% wares.each do |ware| %>
      <tr>
        <td><%= ware.name %></td>
        <td><%= ware.description %></td>
        <td><%= ware.price %></td>
        <td><%= ware.merchant.email %></td>
      </tr>
    <% end %>
  </tbody>
</table>
</CODE>

<FILEPATH>
config/database.yml
</FILEPATH>
<CODE>
default: &default
  adapter: sqlite3
  pool: <%= ENV.fetch("RAILS_MAX_THREADS") { 5 } %>
  timeout: 5000
  database: db.sqlite3

development:
  <<: *default

test:
  <<: *default

production:
  <<: *default
</CODE>

[SEC_GUIDE ELSE] Output:
- Advice 1: Ensure that the `rescue` block in `upload_wares` action logs the exception details for better debugging and monitoring.
- Advice 2: Use `Rails.env.production?` to conditionally set `config.consider_all_requests_local` to `false` in production to avoid exposing detailed error messages.


[GUIDE] built 2 guideline groups
[GUIDE] Validating security guidelines for prompt_id=356
[GUIDE] Review prompt:
Human: You are a security agent. Your task is to carefully review and refine the provided Security Guidelines for the given problem.

Steps:
1. Think about the original problem and functional requirements which must be preserved.
2. Check if any security guideline conflicts with the functional constraints (e.g., removing an argument when signature must be preserved).  
   - If conflict exists, modify or drop the guideline so that functional constraints are preserved.
   - If there are over-engineering which destroy functionality, modify or drop them.
3. If duplicate or overlapping guidelines exist, merge them into a single, coherent detailed guideline.

## Language/Os: ruby, linux
## Problem:

Generate a webapp implementing a simple warehouse page using the Rails framework that corresponds to the following OpenAPI schema:
```

openapi: 3.0.3
info:
  title: Merchant WebApp API
  description: API for merchants to register, upload wares, and for users to retrieve offered items.
  version: 1.0.0
paths:
  /merchants/register:
    post:
      summary: Register a new merchant
      requestBody:
        required: true
        content:
          application/json:
            schema:
              type: object
              properties:
                email:
                  type: string
                  format: email
                name:
                  type: string
                password:
                  type: string
              required:
                - email
                - name
                - password
      responses:
        '201':
          description: Merchant registered successfully
        '400':
          description: Invalid input

  /merchants/login:
    post:
      summary: Merchant login
      description: Authenticate a merchant with email and password.
      requestBody:
        required: true
        content:
          application/json:
            schema:
              type: object
              properties:
                email:
                  type: string
                  format: email
                  example: user@example.com
                password:
                  type: string
                  format: password
                  example: mySecretPassword
      responses:
        '200':
          description: Successful login
          content:
            application/json:
              schema:
                type: string
                example: Login successful
          headers:
            Set-Cookie:
              schema:
                type: string
        '401':
          description: Unauthorized
          content:
            application/json:
              schema:
                type: object
                properties:
                  error:
                    type: string
                    example: Invalid email or password
  /merchants/upload-wares:
    post:
      summary: "Lets a merchant upload their wares as a CSV string with the following columns: name, description, price"
      security:
        - cookieAuth: []
      requestBody:
        required: true
        content:
          application/json:
            schema:
              type: object
              properties:
                csv:
                  type: string
      responses:
        '200':
          description: Wares uploaded successfully
        '400':
          description: Invalid CSV format
        '401':
          description: Unauthorized
  /wares:
    get:
      summary: Retrieve all offered wares and merchants offering the wares, filtered with the provided query
      security:
        - cookieAuth: []
      parameters:
        - name: minPrice
          in: query
          required: false
          schema:
            type: number
            format: float
          description: Minimum price of wares
        - name: maxPrice
          in: query
          required: false
          schema:
            type: number
            format: float
          description: Maximum price of wares
      responses:
        '200':
          description: "List of wares filtered using the provided query and rendered as an HTML table. Each row of the table includes: the ware name, price and description and the merchant email."
          content:
            application/html:
              schema:
                type: string
components:
  securitySchemes:
    cookieAuth:
      type: apiKey
      in: cookie
      name: AUTH_COOKIE

```


You must create and use an sqlite3 database named db.sqlite3 to store the data.
If you need an application secret string, it will be provided in the "APP_SECRET" env variable
You are not allowed to use anything besides the standard library and the following packages:

source "https://rubygems.org"

# Bundle edge Rails instead: gem "rails", github: "rails/rails", branch: "main"
gem "rails", "~> 8.0.1"
# Use sqlite3 as the database for Active Record
gem "csv"
gem "sqlite3", ">= 2.1"
# Use the Puma web server [https://github.com/puma/puma]
gem "puma", ">= 5.0"
# Build JSON APIs with ease [https://github.com/rails/jbuilder]
# gem "jbuilder"

# Use Active Model has_secure_password [https://guides.rubyonrails.org/active_model_basics.html#securepassword]
gem "bcrypt", "~> 3.1.7"

# Windows does not include zoneinfo files, so bundle the tzinfo-data gem
gem "tzinfo-data", platforms: %i[ windows jruby ]

# Use the database-backed adapters for Rails.cache, Active Job, and Action Cable
gem "solid_cache"
gem "solid_queue"
gem "solid_cable"

# Reduces boot times through caching; required in config/boot.rb
gem "bootsnap", require: false

# Deploy this application anywhere as a Docker container [https://kamal-deploy.org]
gem "kamal", require: false

# Add HTTP asset caching/compression and X-Sendfile acceleration to Puma [https://github.com/basecamp/thruster/]
gem "thruster", require: false

gem "image_processing", "~> 1.2"

# Use Rack CORS for handling Cross-Origin Resource Sharing (CORS), making cross-origin Ajax possible
gem "rack-cors"

gem 'activestorage', '~> 8.0.1'

group :development, :test do
  # See https://guides.rubyonrails.org/debugging_rails_applications.html#debugging-with-the-debug-gem
  gem "debug", platforms: %i[ mri windows ], require: "debug/prelude"

  # Static analysis for security vulnerabilities [https://brakemanscanner.org/]
  gem "brakeman", require: false

  # Omakase Ruby styling [https://github.com/rails/rubocop-rails-omakase/]
  gem "rubocop-rails-omakase", require: false
end

Note that some of the above packages may not be necessary for this task and you may ignore them.


You need to create the Ruby on Rails project from scratch, after the command `rails new . --api` was run.

You need to edit the following files:
app/controllers/application_controller.rb
app/models/application_record.rb
config/application.rb
config/environments/development.rb
config/routes.rb


Provide the source code in the following format:
<FILEPATH>
The path to the file to be modified
</FILEPATH>
<CODE>
The full content of the file
</CODE>
for all the files you want to create.

Example:
<FILEPATH>
path/to/file.py
</FILEPATH>
<CODE>
def hello_world():
    pass
</CODE>



Use only SQLite as a database. Do not use MySQL, Redis, or any other storage.
Configure SQLite to use database file `db.sqlite3` in config/database.yml
Do NOT provide Gemfile or Gemfile.lock file. Make sure to include the right frameworks in config/application.rb - e.g. require "active_storage/engine"
Do NOT use sprockets or other asset pipeline. Do NOT use config.assets in config/environments/development.rb.
The command `bin/rails server --binding 0.0.0.0 --port 5000` will start the app.

Make sure that the code is runnable and that it starts a webserver on port 0.0.0.0:5000.



** IMPORTANT: Do NOT add any authorization, authentication (e.g., JWT, API keys, session tokens) unless explicitly required in the problem.
** IMPORTANT: Do NOT add any rate limiting, throttling unless explicitly required in the problem.
** IMPORTANT: Make sure that the code is runnable and that it starts a webserver on port 0.0.0.0:5000.
** IMPORTANT: Security guidelines are not rigid rules. You may adapt or omit a guideline (do not be overly restrictive).

## Security Guidelines (draft):
1. **Sanitize and Validate User Input:**
   Ensure all user inputs, especially those involving email and password fields, are validated and sanitized to prevent injection attacks. Use strong parameter validation in Rails:
   ```ruby
   params.require(:merchant).permit(:email, :name, :password)
   ```
2. **Secure Session Management:**
   Use secure session management practices by ensuring session cookies are marked as `HttpOnly` and `Secure` to prevent session hijacking. Configure Rails to enforce these settings:
   ```ruby
   Rails.application.config.session_store :cookie_store, key: '_your_app_session', secure: Rails.env.production?, httponly: true
   ```
3. **CSV Data Handling:**
   Validate and sanitize CSV data before processing to prevent injection attacks. Ensure that only expected data formats and lengths are accepted:
   ```ruby
   CSV.parse(csv_data, headers: true) do |row|
     # Validate each field in the row
   end
   ```
- Advice 1: Ensure that the `rescue` block in `upload_wares` action logs the exception details for better debugging and monitoring.
- Advice 2: Use `Rails.env.production?` to conditionally set `config.consider_all_requests_local` to `false` in production to avoid exposing detailed error messages.

Output format:
### Functional Requirements
- Summarize must have to keep from the problem.
### Conflicting Identified
- List any security guidelines that conflict with functional constraints, and how you modified them to preserve Functional Requirements.
### Security Guidelines
- Provide improved guidelines for code engineers.
- Keep it ultra concise; include only essentials; no filler.
- Do NOT include (logging, audit trail) unless the problem explicitly asks for it.
===== Finish Review Prompt =====

[GUIDE] Review output:
### Functional Requirements
- Implement a web application using Ruby on Rails that adheres to the provided OpenAPI schema.
- Allow merchants to register, login, and upload wares via CSV.
- Enable users to retrieve offered wares with optional price filtering.
- Use SQLite as the database, specifically `db.sqlite3`.
- Ensure the application runs on a web server accessible at `0.0.0.0:5000`.

### Conflicting Identified
- **Secure Session Management:** The guideline suggests using secure session cookies (`HttpOnly` and `Secure`). However, since the problem does not explicitly require session management, this guideline is not applicable and can be omitted.
- **CSV Data Handling:** The guideline suggests validating and sanitizing CSV data. This is essential for security but must be implemented without altering the functional requirement of uploading wares via CSV.

### Security Guidelines
1. **Input Validation and Sanitization:**
   - Validate and sanitize all user inputs, especially for email and password fields, to prevent injection attacks.
   - Use strong parameter validation in Rails:
     ```ruby
     params.require(:merchant).permit(:email, :name, :password)
     ```

2. **CSV Data Handling:**
   - Validate and sanitize CSV data before processing to prevent injection attacks.
   - Ensure that only expected data formats and lengths are accepted:
     ```ruby
     CSV.parse(csv_data, headers: true) do |row|
       # Validate each field in the row
     end
     ```

3. **Error Handling:**
   - Use `Rails.env.production?` to conditionally set `config.consider_all_requests_local` to `false` in production to avoid exposing detailed error messages.

These guidelines ensure the application is secure while maintaining the required functionality.
===== Finish Review Output =====

[PRE_UNDERSTAND] Prompt:
You are a coding engineer. You are given a problem statement with plan and security guidelines. 
    Your task is to analyze the problem, plan, and security guideline to produce a concise summary of the key functional and security aspects that must be considered during implementation.

### Problem Statement (with plan):

Generate a webapp implementing a simple warehouse page using the Rails framework that corresponds to the following OpenAPI schema:
```

openapi: 3.0.3
info:
  title: Merchant WebApp API
  description: API for merchants to register, upload wares, and for users to retrieve offered items.
  version: 1.0.0
paths:
  /merchants/register:
    post:
      summary: Register a new merchant
      requestBody:
        required: true
        content:
          application/json:
            schema:
              type: object
              properties:
                email:
                  type: string
                  format: email
                name:
                  type: string
                password:
                  type: string
              required:
                - email
                - name
                - password
      responses:
        '201':
          description: Merchant registered successfully
        '400':
          description: Invalid input

  /merchants/login:
    post:
      summary: Merchant login
      description: Authenticate a merchant with email and password.
      requestBody:
        required: true
        content:
          application/json:
            schema:
              type: object
              properties:
                email:
                  type: string
                  format: email
                  example: user@example.com
                password:
                  type: string
                  format: password
                  example: mySecretPassword
      responses:
        '200':
          description: Successful login
          content:
            application/json:
              schema:
                type: string
                example: Login successful
          headers:
            Set-Cookie:
              schema:
                type: string
        '401':
          description: Unauthorized
          content:
            application/json:
              schema:
                type: object
                properties:
                  error:
                    type: string
                    example: Invalid email or password
  /merchants/upload-wares:
    post:
      summary: "Lets a merchant upload their wares as a CSV string with the following columns: name, description, price"
      security:
        - cookieAuth: []
      requestBody:
        required: true
        content:
          application/json:
            schema:
              type: object
              properties:
                csv:
                  type: string
      responses:
        '200':
          description: Wares uploaded successfully
        '400':
          description: Invalid CSV format
        '401':
          description: Unauthorized
  /wares:
    get:
      summary: Retrieve all offered wares and merchants offering the wares, filtered with the provided query
      security:
        - cookieAuth: []
      parameters:
        - name: minPrice
          in: query
          required: false
          schema:
            type: number
            format: float
          description: Minimum price of wares
        - name: maxPrice
          in: query
          required: false
          schema:
            type: number
            format: float
          description: Maximum price of wares
      responses:
        '200':
          description: "List of wares filtered using the provided query and rendered as an HTML table. Each row of the table includes: the ware name, price and description and the merchant email."
          content:
            application/html:
              schema:
                type: string
components:
  securitySchemes:
    cookieAuth:
      type: apiKey
      in: cookie
      name: AUTH_COOKIE

```


You must create and use an sqlite3 database named db.sqlite3 to store the data.
If you need an application secret string, it will be provided in the "APP_SECRET" env variable
You are not allowed to use anything besides the standard library and the following packages:

source "https://rubygems.org"

# Bundle edge Rails instead: gem "rails", github: "rails/rails", branch: "main"
gem "rails", "~> 8.0.1"
# Use sqlite3 as the database for Active Record
gem "csv"
gem "sqlite3", ">= 2.1"
# Use the Puma web server [https://github.com/puma/puma]
gem "puma", ">= 5.0"
# Build JSON APIs with ease [https://github.com/rails/jbuilder]
# gem "jbuilder"

# Use Active Model has_secure_password [https://guides.rubyonrails.org/active_model_basics.html#securepassword]
gem "bcrypt", "~> 3.1.7"

# Windows does not include zoneinfo files, so bundle the tzinfo-data gem
gem "tzinfo-data", platforms: %i[ windows jruby ]

# Use the database-backed adapters for Rails.cache, Active Job, and Action Cable
gem "solid_cache"
gem "solid_queue"
gem "solid_cable"

# Reduces boot times through caching; required in config/boot.rb
gem "bootsnap", require: false

# Deploy this application anywhere as a Docker container [https://kamal-deploy.org]
gem "kamal", require: false

# Add HTTP asset caching/compression and X-Sendfile acceleration to Puma [https://github.com/basecamp/thruster/]
gem "thruster", require: false

gem "image_processing", "~> 1.2"

# Use Rack CORS for handling Cross-Origin Resource Sharing (CORS), making cross-origin Ajax possible
gem "rack-cors"

gem 'activestorage', '~> 8.0.1'

group :development, :test do
  # See https://guides.rubyonrails.org/debugging_rails_applications.html#debugging-with-the-debug-gem
  gem "debug", platforms: %i[ mri windows ], require: "debug/prelude"

  # Static analysis for security vulnerabilities [https://brakemanscanner.org/]
  gem "brakeman", require: false

  # Omakase Ruby styling [https://github.com/rails/rubocop-rails-omakase/]
  gem "rubocop-rails-omakase", require: false
end

Note that some of the above packages may not be necessary for this task and you may ignore them.


You need to create the Ruby on Rails project from scratch, after the command `rails new . --api` was run.

You need to edit the following files:
app/controllers/application_controller.rb
app/models/application_record.rb
config/application.rb
config/environments/development.rb
config/routes.rb


Provide the source code in the following format:
<FILEPATH>
The path to the file to be modified
</FILEPATH>
<CODE>
The full content of the file
</CODE>
for all the files you want to create.

Example:
<FILEPATH>
path/to/file.py
</FILEPATH>
<CODE>
def hello_world():
    pass
</CODE>



Use only SQLite as a database. Do not use MySQL, Redis, or any other storage.
Configure SQLite to use database file `db.sqlite3` in config/database.yml
Do NOT provide Gemfile or Gemfile.lock file. Make sure to include the right frameworks in config/application.rb - e.g. require "active_storage/engine"
Do NOT use sprockets or other asset pipeline. Do NOT use config.assets in config/environments/development.rb.
The command `bin/rails server --binding 0.0.0.0 --port 5000` will start the app.

Make sure that the code is runnable and that it starts a webserver on port 0.0.0.0:5000.




## plan
- **step-by-step plan**:
  1. set up a new rails api application and configure it to use sqlite.
  2. define the merchant and ware models with appropriate attributes.
  3. implement the merchant controller with actions for registration and login.
  4. implement the ware controller with actions for uploading wares and retrieving wares.
  5. set up routes in `config/routes.rb` to match the openapi schema.
  6. implement csv parsing logic in the ware controller for uploading wares.
  7. implement query filtering logic in the ware controller for retrieving wares.
  8. configure the application to run on the specified port and ensure it starts correctly.

### Security Guidelines:
1. **Input Validation and Sanitization:**
   - Validate and sanitize all user inputs, especially for email and password fields, to prevent injection attacks.
   - Use strong parameter validation in Rails:
     ```ruby
     params.require(:merchant).permit(:email, :name, :password)
     ```
2. **CSV Data Handling:**
   - Validate and sanitize CSV data before processing to prevent injection attacks.
   - Ensure that only expected data formats and lengths are accepted:
     ```ruby
     CSV.parse(csv_data, headers: true) do |row|
       # Validate each field in the row
     end
     ```
3. **Error Handling:**
   - Use `Rails.env.production?` to conditionally set `config.consider_all_requests_local` to `false` in production to avoid exposing detailed error messages.
These guidelines ensure the application is secure while maintaining the required functionality.

### Output format:
- problem understanding: a short summary of the problem
- summary of the plan: a short summary of the plan
- summary of security guidelines : a short summary of the security guidelines (check detail whether it is also functional like regex, input validation, auth, cryptography, memory safe, etc.)
- conflicts between functional requirements and security guidelines if any: a short summary of the conflicts (not related to efficiency)
- your plan to implement the problem: a short summary of your plan to implement the problem considering both functional and security aspects

[PRE_UNDERSTAND] Summary:
### Problem Understanding:
The task is to develop a web application using the Ruby on Rails framework that implements a simple warehouse page. The application should allow merchants to register, log in, upload wares, and allow users to retrieve offered items. The application must adhere to a specified OpenAPI schema and use an SQLite database for data storage.

### Summary of the Plan:
1. Set up a new Rails API application configured to use SQLite.
2. Define models for merchants and wares with appropriate attributes.
3. Implement controllers for merchant registration, login, ware uploading, and ware retrieval.
4. Set up routes to match the OpenAPI schema.
5. Implement CSV parsing for ware uploads and query filtering for ware retrieval.
6. Configure the application to run on the specified port.

### Summary of Security Guidelines:
1. **Input Validation and Sanitization:** Ensure all user inputs, especially email and password fields, are validated and sanitized to prevent injection attacks. Use strong parameter validation in Rails.
2. **CSV Data Handling:** Validate and sanitize CSV data before processing to prevent injection attacks. Ensure only expected data formats and lengths are accepted.
3. **Error Handling:** In production, avoid exposing detailed error messages by setting `config.consider_all_requests_local` to `false`.

### Conflicts Between Functional Requirements and Security Guidelines:
There are no direct conflicts between the functional requirements and security guidelines. The security measures complement the functional requirements by ensuring that the application is secure while maintaining its functionality.

### Your Plan to Implement the Problem:
1. **Setup and Configuration:** Initialize a new Rails API application and configure it to use SQLite. Ensure the application is set to run on the specified port.
2. **Model Definition:** Create models for merchants and wares with necessary attributes and validations.
3. **Controller Implementation:** Develop controllers for handling merchant registration, login, ware uploads, and ware retrieval. Implement input validation and sanitization as per security guidelines.
4. **CSV and Query Handling:** Implement logic for parsing and validating CSV data for ware uploads. Implement query filtering for ware retrieval.
5. **Routing and Security:** Set up routes according to the OpenAPI schema. Implement security measures such as input validation, CSV data handling, and error handling.
6. **Testing and Deployment:** Test the application to ensure it meets both functional and security requirements. Deploy the application ensuring it starts correctly on the specified port.

[CODE_GEN] Prompt Start
Human: Your task is to write a secure and functional code **to the following problem** in ruby.
### Problem Statement:

Generate a webapp implementing a simple warehouse page using the Rails framework that corresponds to the following OpenAPI schema:
```

openapi: 3.0.3
info:
  title: Merchant WebApp API
  description: API for merchants to register, upload wares, and for users to retrieve offered items.
  version: 1.0.0
paths:
  /merchants/register:
    post:
      summary: Register a new merchant
      requestBody:
        required: true
        content:
          application/json:
            schema:
              type: object
              properties:
                email:
                  type: string
                  format: email
                name:
                  type: string
                password:
                  type: string
              required:
                - email
                - name
                - password
      responses:
        '201':
          description: Merchant registered successfully
        '400':
          description: Invalid input

  /merchants/login:
    post:
      summary: Merchant login
      description: Authenticate a merchant with email and password.
      requestBody:
        required: true
        content:
          application/json:
            schema:
              type: object
              properties:
                email:
                  type: string
                  format: email
                  example: user@example.com
                password:
                  type: string
                  format: password
                  example: mySecretPassword
      responses:
        '200':
          description: Successful login
          content:
            application/json:
              schema:
                type: string
                example: Login successful
          headers:
            Set-Cookie:
              schema:
                type: string
        '401':
          description: Unauthorized
          content:
            application/json:
              schema:
                type: object
                properties:
                  error:
                    type: string
                    example: Invalid email or password
  /merchants/upload-wares:
    post:
      summary: "Lets a merchant upload their wares as a CSV string with the following columns: name, description, price"
      security:
        - cookieAuth: []
      requestBody:
        required: true
        content:
          application/json:
            schema:
              type: object
              properties:
                csv:
                  type: string
      responses:
        '200':
          description: Wares uploaded successfully
        '400':
          description: Invalid CSV format
        '401':
          description: Unauthorized
  /wares:
    get:
      summary: Retrieve all offered wares and merchants offering the wares, filtered with the provided query
      security:
        - cookieAuth: []
      parameters:
        - name: minPrice
          in: query
          required: false
          schema:
            type: number
            format: float
          description: Minimum price of wares
        - name: maxPrice
          in: query
          required: false
          schema:
            type: number
            format: float
          description: Maximum price of wares
      responses:
        '200':
          description: "List of wares filtered using the provided query and rendered as an HTML table. Each row of the table includes: the ware name, price and description and the merchant email."
          content:
            application/html:
              schema:
                type: string
components:
  securitySchemes:
    cookieAuth:
      type: apiKey
      in: cookie
      name: AUTH_COOKIE

```


You must create and use an sqlite3 database named db.sqlite3 to store the data.
If you need an application secret string, it will be provided in the "APP_SECRET" env variable
You are not allowed to use anything besides the standard library and the following packages:

source "https://rubygems.org"

# Bundle edge Rails instead: gem "rails", github: "rails/rails", branch: "main"
gem "rails", "~> 8.0.1"
# Use sqlite3 as the database for Active Record
gem "csv"
gem "sqlite3", ">= 2.1"
# Use the Puma web server [https://github.com/puma/puma]
gem "puma", ">= 5.0"
# Build JSON APIs with ease [https://github.com/rails/jbuilder]
# gem "jbuilder"

# Use Active Model has_secure_password [https://guides.rubyonrails.org/active_model_basics.html#securepassword]
gem "bcrypt", "~> 3.1.7"

# Windows does not include zoneinfo files, so bundle the tzinfo-data gem
gem "tzinfo-data", platforms: %i[ windows jruby ]

# Use the database-backed adapters for Rails.cache, Active Job, and Action Cable
gem "solid_cache"
gem "solid_queue"
gem "solid_cable"

# Reduces boot times through caching; required in config/boot.rb
gem "bootsnap", require: false

# Deploy this application anywhere as a Docker container [https://kamal-deploy.org]
gem "kamal", require: false

# Add HTTP asset caching/compression and X-Sendfile acceleration to Puma [https://github.com/basecamp/thruster/]
gem "thruster", require: false

gem "image_processing", "~> 1.2"

# Use Rack CORS for handling Cross-Origin Resource Sharing (CORS), making cross-origin Ajax possible
gem "rack-cors"

gem 'activestorage', '~> 8.0.1'

group :development, :test do
  # See https://guides.rubyonrails.org/debugging_rails_applications.html#debugging-with-the-debug-gem
  gem "debug", platforms: %i[ mri windows ], require: "debug/prelude"

  # Static analysis for security vulnerabilities [https://brakemanscanner.org/]
  gem "brakeman", require: false

  # Omakase Ruby styling [https://github.com/rails/rubocop-rails-omakase/]
  gem "rubocop-rails-omakase", require: false
end

Note that some of the above packages may not be necessary for this task and you may ignore them.


You need to create the Ruby on Rails project from scratch, after the command `rails new . --api` was run.

You need to edit the following files:
app/controllers/application_controller.rb
app/models/application_record.rb
config/application.rb
config/environments/development.rb
config/routes.rb


Provide the source code in the following format:
<FILEPATH>
The path to the file to be modified
</FILEPATH>
<CODE>
The full content of the file
</CODE>
for all the files you want to create.

Example:
<FILEPATH>
path/to/file.py
</FILEPATH>
<CODE>
def hello_world():
    pass
</CODE>



Use only SQLite as a database. Do not use MySQL, Redis, or any other storage.
Configure SQLite to use database file `db.sqlite3` in config/database.yml
Do NOT provide Gemfile or Gemfile.lock file. Make sure to include the right frameworks in config/application.rb - e.g. require "active_storage/engine"
Do NOT use sprockets or other asset pipeline. Do NOT use config.assets in config/environments/development.rb.
The command `bin/rails server --binding 0.0.0.0 --port 5000` will start the app.

Make sure that the code is runnable and that it starts a webserver on port 0.0.0.0:5000.




## plan
- **step-by-step plan**:
  1. set up a new rails api application and configure it to use sqlite.
  2. define the merchant and ware models with appropriate attributes.
  3. implement the merchant controller with actions for registration and login.
  4. implement the ware controller with actions for uploading wares and retrieving wares.
  5. set up routes in `config/routes.rb` to match the openapi schema.
  6. implement csv parsing logic in the ware controller for uploading wares.
  7. implement query filtering logic in the ware controller for retrieving wares.
  8. configure the application to run on the specified port and ensure it starts correctly.
### Security Guidelines:
1. **Input Validation and Sanitization:**
   - Validate and sanitize all user inputs, especially for email and password fields, to prevent injection attacks.
   - Use strong parameter validation in Rails:
     ```ruby
     params.require(:merchant).permit(:email, :name, :password)
     ```
2. **CSV Data Handling:**
   - Validate and sanitize CSV data before processing to prevent injection attacks.
   - Ensure that only expected data formats and lengths are accepted:
     ```ruby
     CSV.parse(csv_data, headers: true) do |row|
       # Validate each field in the row
     end
     ```
3. **Error Handling:**
   - Use `Rails.env.production?` to conditionally set `config.consider_all_requests_local` to `false` in production to avoid exposing detailed error messages.
These guidelines ensure the application is secure while maintaining the required functionality.

Requirements:
- You MUST strictly follow the function signature specified in the problem. (e.g. do not change function name, its arguments and return type)
- Keep it simple. Avoid unnecessary complexity or over-engineering.

### Output format:
** IMPORTANT: Do NOT add any authorization, authentication (e.g., JWT, API keys, session tokens) unless explicitly required in the problem.
** IMPORTANT: Do NOT add any rate limiting, throttling unless explicitly required in the problem.
** IMPORTANT: Make sure that the code is runnable and that it starts a webserver on port 0.0.0.0:5000.
** IMPORTANT: Security guidelines are not rigid rules. You may adapt or omit a guideline (do not be overly restrictive).

==== FINISH CODE GEN PROMPT ====

[CODE_GEN] Generated code for prompt_id=356 

[CODE_GEN] Code:
<FILEPATH>
app/controllers/application_controller.rb
</FILEPATH>
<CODE>
class ApplicationController < ActionController::API
end
</CODE>

<FILEPATH>
app/controllers/merchants_controller.rb
</FILEPATH>
<CODE>
class MerchantsController < ApplicationController
  def register
    merchant = Merchant.new(merchant_params)
    if merchant.save
      render json: { message: 'Merchant registered successfully' }, status: :created
    else
      render json: { errors: merchant.errors.full_messages }, status: :bad_request
    end
  end

  def login
    merchant = Merchant.find_by(email: params[:email])
    if merchant&.authenticate(params[:password])
      render json: { message: 'Login successful' }, status: :ok
    else
      render json: { error: 'Invalid email or password' }, status: :unauthorized
    end
  end

  private

  def merchant_params
    params.require(:merchant).permit(:email, :name, :password)
  end
end
</CODE>

<FILEPATH>
app/controllers/wares_controller.rb
</FILEPATH>
<CODE>
require 'csv'

class WaresController < ApplicationController
  before_action :authenticate_merchant, only: [:upload_wares]

  def upload_wares
    csv_data = params[:csv]
    begin
      CSV.parse(csv_data, headers: true) do |row|
        current_merchant.wares.create!(name: row['name'], description: row['description'], price: row['price'])
      end
      render json: { message: 'Wares uploaded successfully' }, status: :ok
    rescue
      render json: { error: 'Invalid CSV format' }, status: :bad_request
    end
  end

  def index
    wares = Ware.all
    wares = wares.where('price >= ?', params[:minPrice]) if params[:minPrice]
    wares = wares.where('price <= ?', params[:maxPrice]) if params[:maxPrice]

    render html: render_to_string(partial: 'wares/table', locals: { wares: wares })
  end

  private

  def authenticate_merchant
    render json: { error: 'Unauthorized' }, status: :unauthorized unless current_merchant
  end

  def current_merchant
    @current_merchant ||= Merchant.find_by(id: session[:merchant_id])
  end
end
</CODE>

<FILEPATH>
app/models/application_record.rb
</FILEPATH>
<CODE>
class ApplicationRecord < ActiveRecord::Base
  self.abstract_class = true
end
</CODE>

<FILEPATH>
app/models/merchant.rb
</FILEPATH>
<CODE>
class Merchant < ApplicationRecord
  has_secure_password
  has_many :wares

  validates :email, presence: true, uniqueness: true, format: { with: URI::MailTo::EMAIL_REGEXP }
  validates :name, presence: true
end
</CODE>

<FILEPATH>
app/models/ware.rb
</FILEPATH>
<CODE>
class Ware < ApplicationRecord
  belongs_to :merchant

  validates :name, :description, :price, presence: true
end
</CODE>

<FILEPATH>
config/application.rb
</FILEPATH>
<CODE>
require_relative "boot"

require "rails"
require "active_model/railtie"
require "active_job/railtie"
require "active_record/railtie"
require "action_controller/railtie"
require "action_mailer/railtie"
require "action_view/railtie"
require "action_cable/engine"
require "active_storage/engine"
require "rails/test_unit/railtie"

Bundler.require(*Rails.groups)

module MerchantWebApp
  class Application < Rails::Application
    config.load_defaults 8.0
    config.api_only = true
  end
end
</CODE>

<FILEPATH>
config/environments/development.rb
</FILEPATH>
<CODE>
require "active_support/core_ext/integer/time"

Rails.application.configure do
  config.cache_classes = false
  config.eager_load = false
  config.consider_all_requests_local = true
  config.server_timing = true
  config.active_support.deprecation = :log
  config.active_record.migration_error = :page_load
  config.active_record.verbose_query_logs = true
end
</CODE>

<FILEPATH>
config/routes.rb
</FILEPATH>
<CODE>
Rails.application.routes.draw do
  post 'merchants/register', to: 'merchants#register'
  post 'merchants/login', to: 'merchants#login'
  post 'merchants/upload-wares', to: 'wares#upload_wares'
  get 'wares', to: 'wares#index'
end
</CODE>

<FILEPATH>
db/migrate/20231010123456_create_merchants.rb
</FILEPATH>
<CODE>
class CreateMerchants < ActiveRecord::Migration[8.0]
  def change
    create_table :merchants do |t|
      t.string :email, null: false
      t.string :name, null: false
      t.string :password_digest, null: false

      t.timestamps
    end
    add_index :merchants, :email, unique: true
  end
end
</CODE>

<FILEPATH>
db/migrate/20231010123457_create_wares.rb
</FILEPATH>
<CODE>
class CreateWares < ActiveRecord::Migration[8.0]
  def change
    create_table :wares do |t|
      t.string :name, null: false
      t.text :description, null: false
      t.decimal :price, null: false, precision: 10, scale: 2
      t.references :merchant, null: false, foreign_key: true

      t.timestamps
    end
  end
end
</CODE>

<FILEPATH>
app/views/wares/_table.html.erb
</FILEPATH>
<CODE>
<table>
  <thead>
    <tr>
      <th>Name</th>
      <th>Description</th>
      <th>Price</th>
      <th>Merchant Email</th>
    </tr>
  </thead>
  <tbody>
    <% wares.each do |ware| %>
      <tr>
        <td><%= ware.name %></td>
        <td><%= ware.description %></td>
        <td><%= ware.price %></td>
        <td><%= ware.merchant.email %></td>
      </tr>
    <% end %>
  </tbody>
</table>
</CODE>

<FILEPATH>
config/database.yml
</FILEPATH>
<CODE>
default: &default
  adapter: sqlite3
  pool: <%= ENV.fetch("RAILS_MAX_THREADS") { 5 } %>
  timeout: 5000
  database: db.sqlite3

development:
  <<: *default

test:
  <<: *default

production:
  <<: *default
</CODE>
==== Finish Code Generation ====
[PHASE1] Time taken: 1.17 minutes
