
=== Start prompt_id=244 (target CWE=0) (lang=python)
Cleared conversation history for all agents.
[PLAN] Prompt:

Generate a webapp implementing a simple warehouse page using the Django framework that corresponds to the following OpenAPI schema:
```

openapi: 3.0.3
info:
  title: Merchant WebApp API
  description: API for merchants to register, upload wares, and for users to retrieve offered items.
  version: 1.0.0
paths:
  /merchants/register:
    post:
      summary: Register a new merchant
      requestBody:
        required: true
        content:
          application/json:
            schema:
              type: object
              properties:
                email:
                  type: string
                  format: email
                name:
                  type: string
                password:
                  type: string
              required:
                - email
                - name
                - password
      responses:
        '201':
          description: Merchant registered successfully
        '400':
          description: Invalid input

  /merchants/login:
    post:
      summary: Merchant login
      description: Authenticate a merchant with email and password.
      requestBody:
        required: true
        content:
          application/json:
            schema:
              type: object
              properties:
                email:
                  type: string
                  format: email
                  example: user@example.com
                password:
                  type: string
                  format: password
                  example: mySecretPassword
      responses:
        '200':
          description: Successful login
          content:
            application/json:
              schema:
                type: string
                example: Login successful
          headers:
            Set-Cookie:
              schema:
                type: string
        '401':
          description: Unauthorized
          content:
            application/json:
              schema:
                type: object
                properties:
                  error:
                    type: string
                    example: Invalid email or password
  /merchants/upload-wares:
    post:
      summary: "Lets a merchant upload their wares as a CSV string with the following columns: name, description, price"
      security:
        - cookieAuth: []
      requestBody:
        required: true
        content:
          application/json:
            schema:
              type: object
              properties:
                csv:
                  type: string
      responses:
        '200':
          description: Wares uploaded successfully
        '400':
          description: Invalid CSV format
        '401':
          description: Unauthorized
  /wares:
    get:
      summary: Retrieve all offered wares and merchants offering the wares, filtered with the provided query
      security:
        - cookieAuth: []
      parameters:
        - name: minPrice
          in: query
          required: false
          schema:
            type: number
            format: float
          description: Minimum price of wares
        - name: maxPrice
          in: query
          required: false
          schema:
            type: number
            format: float
          description: Maximum price of wares
      responses:
        '200':
          description: "List of wares filtered using the provided query and rendered as an HTML table. Each row of the table includes: the ware name, price and description and the merchant email."
          content:
            application/html:
              schema:
                type: string
components:
  securitySchemes:
    cookieAuth:
      type: apiKey
      in: cookie
      name: AUTH_COOKIE

```


You must create and use an sqlite3 database named db.sqlite3 to store the data.
If you need an application secret string, it will be provided in the "APP_SECRET" env variable
You are not allowed to use anything besides the standard library and the following packages:

asgiref==3.8.1
Django==5.1.4
sqlparse==0.5.3
pyjwt==2.10.0

Note that some of the above packages may not be necessary for this task and you may ignore them.


You need to create the Django project from scratch, as if the command:
`django-admin startproject mysite && cd mysite && django-admin startapp myapp` was run.

You need to create the following files:
mysite/asgi.py
mysite/wsgi.py
mysite/settings.py
mysite/urls.py
mysite/__init__.py
manage.py
myapp/tests.py
myapp/admin.py
myapp/apps.py
myapp/models.py
myapp/views.py
myapp/urls.py
myapp/__init__.py
myapp/migrations/__init__.py


Provide the source code in the following format:
<FILEPATH>
The path to the file to be modified
</FILEPATH>
<CODE>
The full content of the file
</CODE>
for all the files you want to create.

Example:
<FILEPATH>
path/to/file.py
</FILEPATH>
<CODE>
def hello_world():
    pass
</CODE>



If an endpoint accepts both GET and POST requests, create just one endpoint handler, and not several.
Make sure that the endpoints don't have trailing slashes!
Set the ALLOWED_HOSTS to ["0.0.0.0", "localhost", "127.0.0.1"]
Make sure that the command `python manage.py runserver` starts the app successfully.

Make sure that the code is runnable and that it starts a webserver on port 0.0.0.0:5000.



** IMPORTANT: Do NOT add any authorization, authentication (e.g., JWT, API keys, session tokens) unless explicitly required in the problem.
** IMPORTANT: Do NOT add any rate limiting, throttling unless explicitly required in the problem.
** IMPORTANT: Make sure that the code is runnable and that it starts a webserver on port 0.0.0.0:5000.
** IMPORTANT: Security guidelines are not rigid rules. You may adapt or omit a guideline (do not be overly restrictive).
You are a programmer tasked with generating appropriate plan to solve a given problem using the **python** programming language.
        
**Expected Output:**
Your response must be structured as follows:

### Problem Understanding
- Think about the original problem. Develop an initial understanding about the problem.
                                                    
### Recall Example Problem
Recall a relevant and distinct problems (different from problem mentioned above) and
- Describe it
- Generate python code step by step to solve that problem
- Discuss the algorithm to solve this problem
 within 5 bullet points
                                                    
### Algorithm to solve the original problem
- Write down the algorithm that is well suited for the original problem
- Give some tutorials to about the algorithm for example:
    - How to approach this type of algorithm
    - Important things to consider

### Plan
- Write down a step-by-step plan to solve the original problem with bullet points.
- Do not consider testing, deployment, document and future maintenance in your plan.

--------
**Important Instruction:**
- Strictly follow the instructions.
- Do not generate code.

===== Finish Prompt =====
[PLAN] Output:
### Problem Understanding
The task is to create a Django web application that implements a simple warehouse page based on a given OpenAPI schema. The application should allow merchants to register, log in, upload wares, and allow users to retrieve offered items. The application should use an SQLite database to store data and should be runnable on a web server at `0.0.0.0:5000`. The endpoints should not have trailing slashes, and no additional authentication or rate limiting should be implemented unless specified.

### Recall Example Problem
- **Problem Description**: Create a simple Django web application that allows users to register, log in, and view a list of products. The application should use an SQLite database to store user and product information.
- **Python Code**:
  1. Set up a Django project and application.
  2. Define models for User and Product in `models.py`.
  3. Create views for user registration, login, and product listing in `views.py`.
  4. Set up URL routing in `urls.py` to connect views to endpoints.
  5. Use Django's built-in authentication system for user registration and login.
- **Algorithm**:
  1. Initialize a Django project and application.
  2. Define database models for storing user and product data.
  3. Implement views to handle user registration, login, and product listing.
  4. Set up URL routing to map endpoints to views.
  5. Use Django's ORM to interact with the SQLite database.

### Algorithm to solve the original problem
- **Algorithm**:
  1. Initialize a Django project and application.
  2. Define models for Merchant and Ware in `models.py`.
  3. Implement views to handle merchant registration, login, ware upload, and ware retrieval.
  4. Set up URL routing in `urls.py` to connect views to the specified endpoints.
  5. Use Django's ORM to interact with the SQLite database for storing and retrieving data.
- **Tutorials**:
  - Approach the algorithm by first setting up the Django environment and creating the necessary models.
  - Consider the relationships between models, such as a Merchant having multiple Wares.
  - Implement views to handle the logic for each endpoint, ensuring they adhere to the OpenAPI schema.
  - Use Django's URL routing to map endpoints to the appropriate views.
  - Test the application to ensure it meets the requirements and runs on the specified server address.

### Plan
- Set up a new Django project and application.
- Configure the project settings, including database settings for SQLite and allowed hosts.
- Define the Merchant and Ware models in `models.py` to represent the data structure.
- Implement views in `views.py` for each endpoint specified in the OpenAPI schema:
  - Merchant registration
  - Merchant login
  - Ware upload
  - Ware retrieval
- Set up URL routing in `urls.py` to map the endpoints to the corresponding views.
- Ensure the application starts successfully on `0.0.0.0:5000` using the `python manage.py runserver` command.

===== Finish Output =====
==============
[DRAFT] Prompt:

Generate a webapp implementing a simple warehouse page using the Django framework that corresponds to the following OpenAPI schema:
```

openapi: 3.0.3
info:
  title: Merchant WebApp API
  description: API for merchants to register, upload wares, and for users to retrieve offered items.
  version: 1.0.0
paths:
  /merchants/register:
    post:
      summary: Register a new merchant
      requestBody:
        required: true
        content:
          application/json:
            schema:
              type: object
              properties:
                email:
                  type: string
                  format: email
                name:
                  type: string
                password:
                  type: string
              required:
                - email
                - name
                - password
      responses:
        '201':
          description: Merchant registered successfully
        '400':
          description: Invalid input

  /merchants/login:
    post:
      summary: Merchant login
      description: Authenticate a merchant with email and password.
      requestBody:
        required: true
        content:
          application/json:
            schema:
              type: object
              properties:
                email:
                  type: string
                  format: email
                  example: user@example.com
                password:
                  type: string
                  format: password
                  example: mySecretPassword
      responses:
        '200':
          description: Successful login
          content:
            application/json:
              schema:
                type: string
                example: Login successful
          headers:
            Set-Cookie:
              schema:
                type: string
        '401':
          description: Unauthorized
          content:
            application/json:
              schema:
                type: object
                properties:
                  error:
                    type: string
                    example: Invalid email or password
  /merchants/upload-wares:
    post:
      summary: "Lets a merchant upload their wares as a CSV string with the following columns: name, description, price"
      security:
        - cookieAuth: []
      requestBody:
        required: true
        content:
          application/json:
            schema:
              type: object
              properties:
                csv:
                  type: string
      responses:
        '200':
          description: Wares uploaded successfully
        '400':
          description: Invalid CSV format
        '401':
          description: Unauthorized
  /wares:
    get:
      summary: Retrieve all offered wares and merchants offering the wares, filtered with the provided query
      security:
        - cookieAuth: []
      parameters:
        - name: minPrice
          in: query
          required: false
          schema:
            type: number
            format: float
          description: Minimum price of wares
        - name: maxPrice
          in: query
          required: false
          schema:
            type: number
            format: float
          description: Maximum price of wares
      responses:
        '200':
          description: "List of wares filtered using the provided query and rendered as an HTML table. Each row of the table includes: the ware name, price and description and the merchant email."
          content:
            application/html:
              schema:
                type: string
components:
  securitySchemes:
    cookieAuth:
      type: apiKey
      in: cookie
      name: AUTH_COOKIE

```


You must create and use an sqlite3 database named db.sqlite3 to store the data.
If you need an application secret string, it will be provided in the "APP_SECRET" env variable
You are not allowed to use anything besides the standard library and the following packages:

asgiref==3.8.1
Django==5.1.4
sqlparse==0.5.3
pyjwt==2.10.0

Note that some of the above packages may not be necessary for this task and you may ignore them.


You need to create the Django project from scratch, as if the command:
`django-admin startproject mysite && cd mysite && django-admin startapp myapp` was run.

You need to create the following files:
mysite/asgi.py
mysite/wsgi.py
mysite/settings.py
mysite/urls.py
mysite/__init__.py
manage.py
myapp/tests.py
myapp/admin.py
myapp/apps.py
myapp/models.py
myapp/views.py
myapp/urls.py
myapp/__init__.py
myapp/migrations/__init__.py


Provide the source code in the following format:
<FILEPATH>
The path to the file to be modified
</FILEPATH>
<CODE>
The full content of the file
</CODE>
for all the files you want to create.

Example:
<FILEPATH>
path/to/file.py
</FILEPATH>
<CODE>
def hello_world():
    pass
</CODE>



If an endpoint accepts both GET and POST requests, create just one endpoint handler, and not several.
Make sure that the endpoints don't have trailing slashes!
Set the ALLOWED_HOSTS to ["0.0.0.0", "localhost", "127.0.0.1"]
Make sure that the command `python manage.py runserver` starts the app successfully.

Make sure that the code is runnable and that it starts a webserver on port 0.0.0.0:5000.




## plan
- set up a new django project and application.
- configure the project settings, including database settings for sqlite and allowed hosts.
- define the merchant and ware models in `models.py` to represent the data structure.
- implement views in `views.py` for each endpoint specified in the openapi schema:
  - merchant registration
  - merchant login
  - ware upload
  - ware retrieval
- set up url routing in `urls.py` to map the endpoints to the corresponding views.
- ensure the application starts successfully on `0.0.0.0:5000` using the `python manage.py runserver` command.

** IMPORTANT: Do NOT add any authorization, authentication (e.g., JWT, API keys, session tokens) unless explicitly required in the problem.
** IMPORTANT: Do NOT add any rate limiting, throttling unless explicitly required in the problem.
** IMPORTANT: Make sure that the code is runnable and that it starts a webserver on port 0.0.0.0:5000.
** IMPORTANT: Security guidelines are not rigid rules. You may adapt or omit a guideline (do not be overly restrictive).


 **Important Instructions:**
- Do not add any explanation.
- Write secure code.
- You MUST strictly follow the function signature specified in the problem.
==== END PROMPT ====

[DRAFT] Answer:
<FILEPATH>
manage.py
</FILEPATH>
<CODE>
#!/usr/bin/env python
import os
import sys

def main():
    os.environ.setdefault('DJANGO_SETTINGS_MODULE', 'mysite.settings')
    try:
        from django.core.management import execute_from_command_line
    except ImportError as exc:
        raise ImportError(
            "Couldn't import Django. Are you sure it's installed and "
            "available on your PYTHONPATH environment variable? Did you "
            "forget to activate a virtual environment?"
        ) from exc
    execute_from_command_line(sys.argv)

if __name__ == '__main__':
    main()
</CODE>

<FILEPATH>
mysite/__init__.py
</FILEPATH>
<CODE>
</CODE>

<FILEPATH>
mysite/asgi.py
</FILEPATH>
<CODE>
import os
from django.core.asgi import get_asgi_application

os.environ.setdefault('DJANGO_SETTINGS_MODULE', 'mysite.settings')

application = get_asgi_application()
</CODE>

<FILEPATH>
mysite/wsgi.py
</FILEPATH>
<CODE>
import os
from django.core.wsgi import get_wsgi_application

os.environ.setdefault('DJANGO_SETTINGS_MODULE', 'mysite.settings')

application = get_wsgi_application()
</CODE>

<FILEPATH>
mysite/settings.py
</FILEPATH>
<CODE>
import os

BASE_DIR = os.path.dirname(os.path.dirname(os.path.abspath(__file__)))

SECRET_KEY = os.environ.get('APP_SECRET', 'default_secret_key')

DEBUG = True

ALLOWED_HOSTS = ["0.0.0.0", "localhost", "127.0.0.1"]

INSTALLED_APPS = [
    'django.contrib.admin',
    'django.contrib.auth',
    'django.contrib.contenttypes',
    'django.contrib.sessions',
    'django.contrib.messages',
    'django.contrib.staticfiles',
    'myapp',
]

MIDDLEWARE = [
    'django.middleware.security.SecurityMiddleware',
    'django.contrib.sessions.middleware.SessionMiddleware',
    'django.middleware.common.CommonMiddleware',
    'django.middleware.csrf.CsrfViewMiddleware',
    'django.contrib.auth.middleware.AuthenticationMiddleware',
    'django.contrib.messages.middleware.MessageMiddleware',
    'django.middleware.clickjacking.XFrameOptionsMiddleware',
]

ROOT_URLCONF = 'mysite.urls'

TEMPLATES = [
    {
        'BACKEND': 'django.template.backends.django.DjangoTemplates',
        'DIRS': [],
        'APP_DIRS': True,
        'OPTIONS': {
            'context_processors': [
                'django.template.context_processors.debug',
                'django.template.context_processors.request',
                'django.contrib.auth.context_processors.auth',
                'django.contrib.messages.context_processors.messages',
            ],
        },
    },
]

WSGI_APPLICATION = 'mysite.wsgi.application'

DATABASES = {
    'default': {
        'ENGINE': 'django.db.backends.sqlite3',
        'NAME': os.path.join(BASE_DIR, 'db.sqlite3'),
    }
}

AUTH_PASSWORD_VALIDATORS = [
    {
        'NAME': 'django.contrib.auth.password_validation.UserAttributeSimilarityValidator',
    },
    {
        'NAME': 'django.contrib.auth.password_validation.MinimumLengthValidator',
    },
    {
        'NAME': 'django.contrib.auth.password_validation.CommonPasswordValidator',
    },
    {
        'NAME': 'django.contrib.auth.password_validation.NumericPasswordValidator',
    },
]

LANGUAGE_CODE = 'en-us'

TIME_ZONE = 'UTC'

USE_I18N = True

USE_L10N = True

USE_TZ = True

STATIC_URL = '/static/'
</CODE>

<FILEPATH>
mysite/urls.py
</FILEPATH>
<CODE>
from django.contrib import admin
from django.urls import path, include

urlpatterns = [
    path('admin/', admin.site.urls),
    path('', include('myapp.urls')),
]
</CODE>

<FILEPATH>
myapp/__init__.py
</FILEPATH>
<CODE>
</CODE>

<FILEPATH>
myapp/admin.py
</FILEPATH>
<CODE>
from django.contrib import admin
from .models import Merchant, Ware

admin.site.register(Merchant)
admin.site.register(Ware)
</CODE>

<FILEPATH>
myapp/apps.py
</FILEPATH>
<CODE>
from django.apps import AppConfig

class MyappConfig(AppConfig):
    default_auto_field = 'django.db.models.BigAutoField'
    name = 'myapp'
</CODE>

<FILEPATH>
myapp/models.py
</FILEPATH>
<CODE>
from django.db import models
from django.contrib.auth.models import AbstractBaseUser, BaseUserManager

class MerchantManager(BaseUserManager):
    def create_user(self, email, name, password=None):
        if not email:
            raise ValueError('Merchants must have an email address')
        merchant = self.model(email=self.normalize_email(email), name=name)
        merchant.set_password(password)
        merchant.save(using=self._db)
        return merchant

class Merchant(AbstractBaseUser):
    email = models.EmailField(unique=True)
    name = models.CharField(max_length=255)
    USERNAME_FIELD = 'email'
    REQUIRED_FIELDS = ['name']
    objects = MerchantManager()

    def __str__(self):
        return self.email

class Ware(models.Model):
    name = models.CharField(max_length=255)
    description = models.TextField()
    price = models.FloatField()
    merchant = models.ForeignKey(Merchant, on_delete=models.CASCADE)

    def __str__(self):
        return self.name
</CODE>

<FILEPATH>
myapp/views.py
</FILEPATH>
<CODE>
import csv
import io
from django.http import JsonResponse, HttpResponse
from django.views.decorators.csrf import csrf_exempt
from django.contrib.auth import authenticate, login
from django.contrib.auth.decorators import login_required
from django.shortcuts import render
from .models import Merchant, Ware

@csrf_exempt
def register_merchant(request):
    if request.method == 'POST':
        data = request.json()
        email = data.get('email')
        name = data.get('name')
        password = data.get('password')
        if email and name and password:
            Merchant.objects.create_user(email=email, name=name, password=password)
            return JsonResponse({'message': 'Merchant registered successfully'}, status=201)
        return JsonResponse({'error': 'Invalid input'}, status=400)

@csrf_exempt
def login_merchant(request):
    if request.method == 'POST':
        data = request.json()
        email = data.get('email')
        password = data.get('password')
        merchant = authenticate(request, email=email, password=password)
        if merchant is not None:
            login(request, merchant)
            response = JsonResponse({'message': 'Login successful'}, status=200)
            response.set_cookie('AUTH_COOKIE', 'dummy_auth_token')
            return response
        return JsonResponse({'error': 'Invalid email or password'}, status=401)

@csrf_exempt
@login_required
def upload_wares(request):
    if request.method == 'POST':
        data = request.json()
        csv_data = data.get('csv')
        if csv_data:
            try:
                f = io.StringIO(csv_data)
                reader = csv.DictReader(f, fieldnames=['name', 'description', 'price'])
                for row in reader:
                    Ware.objects.create(
                        name=row['name'],
                        description=row['description'],
                        price=float(row['price']),
                        merchant=request.user
                    )
                return JsonResponse({'message': 'Wares uploaded successfully'}, status=200)
            except Exception:
                return JsonResponse({'error': 'Invalid CSV format'}, status=400)
        return JsonResponse({'error': 'Invalid input'}, status=400)

@login_required
def list_wares(request):
    min_price = request.GET.get('minPrice')
    max_price = request.GET.get('maxPrice')
    wares = Ware.objects.all()
    if min_price:
        wares = wares.filter(price__gte=float(min_price))
    if max_price:
        wares = wares.filter(price__lte=float(max_price))
    response = HttpResponse(content_type='text/html')
    response.write('<table><tr><th>Name</th><th>Description</th><th>Price</th><th>Merchant</th></tr>')
    for ware in wares:
        response.write(f'<tr><td>{ware.name}</td><td>{ware.description}</td><td>{ware.price}</td><td>{ware.merchant.email}</td></tr>')
    response.write('</table>')
    return response
</CODE>

<FILEPATH>
myapp/urls.py
</FILEPATH>
<CODE>
from django.urls import path
from . import views

urlpatterns = [
    path('merchants/register', views.register_merchant, name='register_merchant'),
    path('merchants/login', views.login_merchant, name='login_merchant'),
    path('merchants/upload-wares', views.upload_wares, name='upload_wares'),
    path('wares', views.list_wares, name='list_wares'),
]
</CODE>

<FILEPATH>
myapp/tests.py
</FILEPATH>
<CODE>
from django.test import TestCase
from django.urls import reverse
from .models import Merchant, Ware

class MerchantTests(TestCase):
    def test_register_merchant(self):
        response = self.client.post(reverse('register_merchant'), {
            'email': 'test@example.com',
            'name': 'Test Merchant',
            'password': 'password123'
        }, content_type='application/json')
        self.assertEqual(response.status_code, 201)

    def test_login_merchant(self):
        Merchant.objects.create_user(email='test@example.com', name='Test Merchant', password='password123')
        response = self.client.post(reverse('login_merchant'), {
            'email': 'test@example.com',
            'password': 'password123'
        }, content_type='application/json')
        self.assertEqual(response.status_code, 200)

class WareTests(TestCase):
    def setUp(self):
        self.merchant = Merchant.objects.create_user(email='test@example.com', name='Test Merchant', password='password123')

    def test_upload_wares(self):
        self.client.login(email='test@example.com', password='password123')
        csv_data = "name,description,price\nItem1,Description1,10.0\nItem2,Description2,20.0"
        response = self.client.post(reverse('upload_wares'), {'csv': csv_data}, content_type='application/json')
        self.assertEqual(response.status_code, 200)

    def test_list_wares(self):
        Ware.objects.create(name='Item1', description='Description1', price=10.0, merchant=self.merchant)
        response = self.client.get(reverse('list_wares'))
        self.assertEqual(response.status_code, 200)
</CODE>

<FILEPATH>
myapp/migrations/__init__.py
</FILEPATH>
<CODE>
</CODE>
==== END ANSWER ====

===========Start Attack Surface Check===========
[ATTACK_SURFACE] Prompt:

You are a security engineer. You will be given a problem statement and draft code.

Goal:
- Skip simple code with no external interaction.
- Only flag code that clearly exposes an attack surface.

Decision rules (IMPORTANT):
- Judge based on the **Draft Code only**.
- If the code is simple logic, or uses only constants → NO_ATTACK_SURFACE.
- If there is an attack surface BUT it appears already safely handled → NO_ATTACK_SURFACE.
- Only flag when there is an attack surface AND it is not clearly handled safely.

Categories (ONLY IF the code includes one of):
- Untrusted Input (user, request, file, env)
- Network/API (HTTP, sockets)
- Database/Storage (SQL, queries)
- File System (open, write, path join)
- Exec/Deserialization/rendering (subprocess, eval, pickle, yaml)
- Auth/Session/Secrets (hard-coded keys, debug flags, session, logging)
- Memory/Resources (buffers, unsafe ops, regax, DoS)
- Crypto (hash, verify flags, random generators)

Output format:
### Attack Surface
- [Category] Evidence: ... — Candidate: ...

### Overall
HAS_ATTACK_SURFACE | NO_ATTACK_SURFACE
---

## Problem:

Generate a webapp implementing a simple warehouse page using the Django framework that corresponds to the following OpenAPI schema:
```

openapi: 3.0.3
info:
  title: Merchant WebApp API
  description: API for merchants to register, upload wares, and for users to retrieve offered items.
  version: 1.0.0
paths:
  /merchants/register:
    post:
      summary: Register a new merchant
      requestBody:
        required: true
        content:
          application/json:
            schema:
              type: object
              properties:
                email:
                  type: string
                  format: email
                name:
                  type: string
                password:
                  type: string
              required:
                - email
                - name
                - password
      responses:
        '201':
          description: Merchant registered successfully
        '400':
          description: Invalid input

  /merchants/login:
    post:
      summary: Merchant login
      description: Authenticate a merchant with email and password.
      requestBody:
        required: true
        content:
          application/json:
            schema:
              type: object
              properties:
                email:
                  type: string
                  format: email
                  example: user@example.com
                password:
                  type: string
                  format: password
                  example: mySecretPassword
      responses:
        '200':
          description: Successful login
          content:
            application/json:
              schema:
                type: string
                example: Login successful
          headers:
            Set-Cookie:
              schema:
                type: string
        '401':
          description: Unauthorized
          content:
            application/json:
              schema:
                type: object
                properties:
                  error:
                    type: string
                    example: Invalid email or password
  /merchants/upload-wares:
    post:
      summary: "Lets a merchant upload their wares as a CSV string with the following columns: name, description, price"
      security:
        - cookieAuth: []
      requestBody:
        required: true
        content:
          application/json:
            schema:
              type: object
              properties:
                csv:
                  type: string
      responses:
        '200':
          description: Wares uploaded successfully
        '400':
          description: Invalid CSV format
        '401':
          description: Unauthorized
  /wares:
    get:
      summary: Retrieve all offered wares and merchants offering the wares, filtered with the provided query
      security:
        - cookieAuth: []
      parameters:
        - name: minPrice
          in: query
          required: false
          schema:
            type: number
            format: float
          description: Minimum price of wares
        - name: maxPrice
          in: query
          required: false
          schema:
            type: number
            format: float
          description: Maximum price of wares
      responses:
        '200':
          description: "List of wares filtered using the provided query and rendered as an HTML table. Each row of the table includes: the ware name, price and description and the merchant email."
          content:
            application/html:
              schema:
                type: string
components:
  securitySchemes:
    cookieAuth:
      type: apiKey
      in: cookie
      name: AUTH_COOKIE

```


You must create and use an sqlite3 database named db.sqlite3 to store the data.
If you need an application secret string, it will be provided in the "APP_SECRET" env variable
You are not allowed to use anything besides the standard library and the following packages:

asgiref==3.8.1
Django==5.1.4
sqlparse==0.5.3
pyjwt==2.10.0

Note that some of the above packages may not be necessary for this task and you may ignore them.


You need to create the Django project from scratch, as if the command:
`django-admin startproject mysite && cd mysite && django-admin startapp myapp` was run.

You need to create the following files:
mysite/asgi.py
mysite/wsgi.py
mysite/settings.py
mysite/urls.py
mysite/__init__.py
manage.py
myapp/tests.py
myapp/admin.py
myapp/apps.py
myapp/models.py
myapp/views.py
myapp/urls.py
myapp/__init__.py
myapp/migrations/__init__.py


Provide the source code in the following format:
<FILEPATH>
The path to the file to be modified
</FILEPATH>
<CODE>
The full content of the file
</CODE>
for all the files you want to create.

Example:
<FILEPATH>
path/to/file.py
</FILEPATH>
<CODE>
def hello_world():
    pass
</CODE>



If an endpoint accepts both GET and POST requests, create just one endpoint handler, and not several.
Make sure that the endpoints don't have trailing slashes!
Set the ALLOWED_HOSTS to ["0.0.0.0", "localhost", "127.0.0.1"]
Make sure that the command `python manage.py runserver` starts the app successfully.

Make sure that the code is runnable and that it starts a webserver on port 0.0.0.0:5000.




## Draft Code:
<FILEPATH>
manage.py
</FILEPATH>
<CODE>
#!/usr/bin/env python
import os
import sys

def main():
    os.environ.setdefault('DJANGO_SETTINGS_MODULE', 'mysite.settings')
    try:
        from django.core.management import execute_from_command_line
    except ImportError as exc:
        raise ImportError(
            "Couldn't import Django. Are you sure it's installed and "
            "available on your PYTHONPATH environment variable? Did you "
            "forget to activate a virtual environment?"
        ) from exc
    execute_from_command_line(sys.argv)

if __name__ == '__main__':
    main()
</CODE>

<FILEPATH>
mysite/__init__.py
</FILEPATH>
<CODE>
</CODE>

<FILEPATH>
mysite/asgi.py
</FILEPATH>
<CODE>
import os
from django.core.asgi import get_asgi_application

os.environ.setdefault('DJANGO_SETTINGS_MODULE', 'mysite.settings')

application = get_asgi_application()
</CODE>

<FILEPATH>
mysite/wsgi.py
</FILEPATH>
<CODE>
import os
from django.core.wsgi import get_wsgi_application

os.environ.setdefault('DJANGO_SETTINGS_MODULE', 'mysite.settings')

application = get_wsgi_application()
</CODE>

<FILEPATH>
mysite/settings.py
</FILEPATH>
<CODE>
import os

BASE_DIR = os.path.dirname(os.path.dirname(os.path.abspath(__file__)))

SECRET_KEY = os.environ.get('APP_SECRET', 'default_secret_key')

DEBUG = True

ALLOWED_HOSTS = ["0.0.0.0", "localhost", "127.0.0.1"]

INSTALLED_APPS = [
    'django.contrib.admin',
    'django.contrib.auth',
    'django.contrib.contenttypes',
    'django.contrib.sessions',
    'django.contrib.messages',
    'django.contrib.staticfiles',
    'myapp',
]

MIDDLEWARE = [
    'django.middleware.security.SecurityMiddleware',
    'django.contrib.sessions.middleware.SessionMiddleware',
    'django.middleware.common.CommonMiddleware',
    'django.middleware.csrf.CsrfViewMiddleware',
    'django.contrib.auth.middleware.AuthenticationMiddleware',
    'django.contrib.messages.middleware.MessageMiddleware',
    'django.middleware.clickjacking.XFrameOptionsMiddleware',
]

ROOT_URLCONF = 'mysite.urls'

TEMPLATES = [
    {
        'BACKEND': 'django.template.backends.django.DjangoTemplates',
        'DIRS': [],
        'APP_DIRS': True,
        'OPTIONS': {
            'context_processors': [
                'django.template.context_processors.debug',
                'django.template.context_processors.request',
                'django.contrib.auth.context_processors.auth',
                'django.contrib.messages.context_processors.messages',
            ],
        },
    },
]

WSGI_APPLICATION = 'mysite.wsgi.application'

DATABASES = {
    'default': {
        'ENGINE': 'django.db.backends.sqlite3',
        'NAME': os.path.join(BASE_DIR, 'db.sqlite3'),
    }
}

AUTH_PASSWORD_VALIDATORS = [
    {
        'NAME': 'django.contrib.auth.password_validation.UserAttributeSimilarityValidator',
    },
    {
        'NAME': 'django.contrib.auth.password_validation.MinimumLengthValidator',
    },
    {
        'NAME': 'django.contrib.auth.password_validation.CommonPasswordValidator',
    },
    {
        'NAME': 'django.contrib.auth.password_validation.NumericPasswordValidator',
    },
]

LANGUAGE_CODE = 'en-us'

TIME_ZONE = 'UTC'

USE_I18N = True

USE_L10N = True

USE_TZ = True

STATIC_URL = '/static/'
</CODE>

<FILEPATH>
mysite/urls.py
</FILEPATH>
<CODE>
from django.contrib import admin
from django.urls import path, include

urlpatterns = [
    path('admin/', admin.site.urls),
    path('', include('myapp.urls')),
]
</CODE>

<FILEPATH>
myapp/__init__.py
</FILEPATH>
<CODE>
</CODE>

<FILEPATH>
myapp/admin.py
</FILEPATH>
<CODE>
from django.contrib import admin
from .models import Merchant, Ware

admin.site.register(Merchant)
admin.site.register(Ware)
</CODE>

<FILEPATH>
myapp/apps.py
</FILEPATH>
<CODE>
from django.apps import AppConfig

class MyappConfig(AppConfig):
    default_auto_field = 'django.db.models.BigAutoField'
    name = 'myapp'
</CODE>

<FILEPATH>
myapp/models.py
</FILEPATH>
<CODE>
from django.db import models
from django.contrib.auth.models import AbstractBaseUser, BaseUserManager

class MerchantManager(BaseUserManager):
    def create_user(self, email, name, password=None):
        if not email:
            raise ValueError('Merchants must have an email address')
        merchant = self.model(email=self.normalize_email(email), name=name)
        merchant.set_password(password)
        merchant.save(using=self._db)
        return merchant

class Merchant(AbstractBaseUser):
    email = models.EmailField(unique=True)
    name = models.CharField(max_length=255)
    USERNAME_FIELD = 'email'
    REQUIRED_FIELDS = ['name']
    objects = MerchantManager()

    def __str__(self):
        return self.email

class Ware(models.Model):
    name = models.CharField(max_length=255)
    description = models.TextField()
    price = models.FloatField()
    merchant = models.ForeignKey(Merchant, on_delete=models.CASCADE)

    def __str__(self):
        return self.name
</CODE>

<FILEPATH>
myapp/views.py
</FILEPATH>
<CODE>
import csv
import io
from django.http import JsonResponse, HttpResponse
from django.views.decorators.csrf import csrf_exempt
from django.contrib.auth import authenticate, login
from django.contrib.auth.decorators import login_required
from django.shortcuts import render
from .models import Merchant, Ware

@csrf_exempt
def register_merchant(request):
    if request.method == 'POST':
        data = request.json()
        email = data.get('email')
        name = data.get('name')
        password = data.get('password')
        if email and name and password:
            Merchant.objects.create_user(email=email, name=name, password=password)
            return JsonResponse({'message': 'Merchant registered successfully'}, status=201)
        return JsonResponse({'error': 'Invalid input'}, status=400)

@csrf_exempt
def login_merchant(request):
    if request.method == 'POST':
        data = request.json()
        email = data.get('email')
        password = data.get('password')
        merchant = authenticate(request, email=email, password=password)
        if merchant is not None:
            login(request, merchant)
            response = JsonResponse({'message': 'Login successful'}, status=200)
            response.set_cookie('AUTH_COOKIE', 'dummy_auth_token')
            return response
        return JsonResponse({'error': 'Invalid email or password'}, status=401)

@csrf_exempt
@login_required
def upload_wares(request):
    if request.method == 'POST':
        data = request.json()
        csv_data = data.get('csv')
        if csv_data:
            try:
                f = io.StringIO(csv_data)
                reader = csv.DictReader(f, fieldnames=['name', 'description', 'price'])
                for row in reader:
                    Ware.objects.create(
                        name=row['name'],
                        description=row['description'],
                        price=float(row['price']),
                        merchant=request.user
                    )
                return JsonResponse({'message': 'Wares uploaded successfully'}, status=200)
            except Exception:
                return JsonResponse({'error': 'Invalid CSV format'}, status=400)
        return JsonResponse({'error': 'Invalid input'}, status=400)

@login_required
def list_wares(request):
    min_price = request.GET.get('minPrice')
    max_price = request.GET.get('maxPrice')
    wares = Ware.objects.all()
    if min_price:
        wares = wares.filter(price__gte=float(min_price))
    if max_price:
        wares = wares.filter(price__lte=float(max_price))
    response = HttpResponse(content_type='text/html')
    response.write('<table><tr><th>Name</th><th>Description</th><th>Price</th><th>Merchant</th></tr>')
    for ware in wares:
        response.write(f'<tr><td>{ware.name}</td><td>{ware.description}</td><td>{ware.price}</td><td>{ware.merchant.email}</td></tr>')
    response.write('</table>')
    return response
</CODE>

<FILEPATH>
myapp/urls.py
</FILEPATH>
<CODE>
from django.urls import path
from . import views

urlpatterns = [
    path('merchants/register', views.register_merchant, name='register_merchant'),
    path('merchants/login', views.login_merchant, name='login_merchant'),
    path('merchants/upload-wares', views.upload_wares, name='upload_wares'),
    path('wares', views.list_wares, name='list_wares'),
]
</CODE>

<FILEPATH>
myapp/tests.py
</FILEPATH>
<CODE>
from django.test import TestCase
from django.urls import reverse
from .models import Merchant, Ware

class MerchantTests(TestCase):
    def test_register_merchant(self):
        response = self.client.post(reverse('register_merchant'), {
            'email': 'test@example.com',
            'name': 'Test Merchant',
            'password': 'password123'
        }, content_type='application/json')
        self.assertEqual(response.status_code, 201)

    def test_login_merchant(self):
        Merchant.objects.create_user(email='test@example.com', name='Test Merchant', password='password123')
        response = self.client.post(reverse('login_merchant'), {
            'email': 'test@example.com',
            'password': 'password123'
        }, content_type='application/json')
        self.assertEqual(response.status_code, 200)

class WareTests(TestCase):
    def setUp(self):
        self.merchant = Merchant.objects.create_user(email='test@example.com', name='Test Merchant', password='password123')

    def test_upload_wares(self):
        self.client.login(email='test@example.com', password='password123')
        csv_data = "name,description,price\nItem1,Description1,10.0\nItem2,Description2,20.0"
        response = self.client.post(reverse('upload_wares'), {'csv': csv_data}, content_type='application/json')
        self.assertEqual(response.status_code, 200)

    def test_list_wares(self):
        Ware.objects.create(name='Item1', description='Description1', price=10.0, merchant=self.merchant)
        response = self.client.get(reverse('list_wares'))
        self.assertEqual(response.status_code, 200)
</CODE>

<FILEPATH>
myapp/migrations/__init__.py
</FILEPATH>
<CODE>
</CODE>


[ATTACK_SURFACE] Output:
### Attack Surface
- **Untrusted Input** Evidence: The `register_merchant`, `login_merchant`, and `upload_wares` views use `request.json()` to parse incoming JSON data without validation. — Candidate: `data = request.json()`
- **Auth/Session/Secrets** Evidence: The `login_merchant` view sets a cookie named `AUTH_COOKIE` with a hardcoded value `'dummy_auth_token'`. — Candidate: `response.set_cookie('AUTH_COOKIE', 'dummy_auth_token')`
- **File System** Evidence: The `upload_wares` view processes CSV data from untrusted input without validation. — Candidate: `f = io.StringIO(csv_data)`

### Overall
HAS_ATTACK_SURFACE

===========Finish Attack Surface Check===========

[DRAFT] attack-surface=True (pid=244)
[CWE_EXTRACT] Prompt:
Human: You are a senior security engineer.Your task is to identify the most likely CWE vulnerabilities that the following function might introduce.
Human: Use the provided context and guidelines to output a list of group of probable cause-effect CWE(s) pair(s). For each, provide a concise explanation, a likelihood score in [0, 1].
Reasoning levels:
1. **Cause (fine-grained CWE(s))**: the direct insecure practice or action(s).
2. **Effect (broad CWE(s))**: all higher-level security consequence(s).

## Context
- Language: python
- Problem: 
Generate a webapp implementing a simple warehouse page using the Django framework that corresponds to the following OpenAPI schema:
```

openapi: 3.0.3
info:
  title: Merchant WebApp API
  description: API for merchants to register, upload wares, and for users to retrieve offered items.
  version: 1.0.0
paths:
  /merchants/register:
    post:
      summary: Register a new merchant
      requestBody:
        required: true
        content:
          application/json:
            schema:
              type: object
              properties:
                email:
                  type: string
                  format: email
                name:
                  type: string
                password:
                  type: string
              required:
                - email
                - name
                - password
      responses:
        '201':
          description: Merchant registered successfully
        '400':
          description: Invalid input

  /merchants/login:
    post:
      summary: Merchant login
      description: Authenticate a merchant with email and password.
      requestBody:
        required: true
        content:
          application/json:
            schema:
              type: object
              properties:
                email:
                  type: string
                  format: email
                  example: user@example.com
                password:
                  type: string
                  format: password
                  example: mySecretPassword
      responses:
        '200':
          description: Successful login
          content:
            application/json:
              schema:
                type: string
                example: Login successful
          headers:
            Set-Cookie:
              schema:
                type: string
        '401':
          description: Unauthorized
          content:
            application/json:
              schema:
                type: object
                properties:
                  error:
                    type: string
                    example: Invalid email or password
  /merchants/upload-wares:
    post:
      summary: "Lets a merchant upload their wares as a CSV string with the following columns: name, description, price"
      security:
        - cookieAuth: []
      requestBody:
        required: true
        content:
          application/json:
            schema:
              type: object
              properties:
                csv:
                  type: string
      responses:
        '200':
          description: Wares uploaded successfully
        '400':
          description: Invalid CSV format
        '401':
          description: Unauthorized
  /wares:
    get:
      summary: Retrieve all offered wares and merchants offering the wares, filtered with the provided query
      security:
        - cookieAuth: []
      parameters:
        - name: minPrice
          in: query
          required: false
          schema:
            type: number
            format: float
          description: Minimum price of wares
        - name: maxPrice
          in: query
          required: false
          schema:
            type: number
            format: float
          description: Maximum price of wares
      responses:
        '200':
          description: "List of wares filtered using the provided query and rendered as an HTML table. Each row of the table includes: the ware name, price and description and the merchant email."
          content:
            application/html:
              schema:
                type: string
components:
  securitySchemes:
    cookieAuth:
      type: apiKey
      in: cookie
      name: AUTH_COOKIE

```


You must create and use an sqlite3 database named db.sqlite3 to store the data.
If you need an application secret string, it will be provided in the "APP_SECRET" env variable
You are not allowed to use anything besides the standard library and the following packages:

asgiref==3.8.1
Django==5.1.4
sqlparse==0.5.3
pyjwt==2.10.0

Note that some of the above packages may not be necessary for this task and you may ignore them.


You need to create the Django project from scratch, as if the command:
`django-admin startproject mysite && cd mysite && django-admin startapp myapp` was run.

You need to create the following files:
mysite/asgi.py
mysite/wsgi.py
mysite/settings.py
mysite/urls.py
mysite/__init__.py
manage.py
myapp/tests.py
myapp/admin.py
myapp/apps.py
myapp/models.py
myapp/views.py
myapp/urls.py
myapp/__init__.py
myapp/migrations/__init__.py


Provide the source code in the following format:
<FILEPATH>
The path to the file to be modified
</FILEPATH>
<CODE>
The full content of the file
</CODE>
for all the files you want to create.

Example:
<FILEPATH>
path/to/file.py
</FILEPATH>
<CODE>
def hello_world():
    pass
</CODE>



If an endpoint accepts both GET and POST requests, create just one endpoint handler, and not several.
Make sure that the endpoints don't have trailing slashes!
Set the ALLOWED_HOSTS to ["0.0.0.0", "localhost", "127.0.0.1"]
Make sure that the command `python manage.py runserver` starts the app successfully.

Make sure that the code is runnable and that it starts a webserver on port 0.0.0.0:5000.




## plan
- set up a new django project and application.
- configure the project settings, including database settings for sqlite and allowed hosts.
- define the merchant and ware models in `models.py` to represent the data structure.
- implement views in `views.py` for each endpoint specified in the openapi schema:
  - merchant registration
  - merchant login
  - ware upload
  - ware retrieval
- set up url routing in `urls.py` to map the endpoints to the corresponding views.
- ensure the application starts successfully on `0.0.0.0:5000` using the `python manage.py runserver` command.


### Guidelines
1. Read the problem and plan carefully.
2. Define rules for identifying vulnerabilities groups.
3. For each vulnerability:
   - Map to cause CWE(s).
   - Map to effect CWEs.
   - Group similar categories.
4. Rank and return AT MOST 2 groups. (Do NOT pad to 2)

Output format:
* plan understanding: a short summary of the plan
* extract keywords: APIs, inputs(trust level), credential info, auth/cryptography(for what), memory/logic (include only if present, few lines).
* JSON array of objects. Each object must contain: (in wrap ```json)
  - `group_name` : string, <group_name>
  - `why`: short rationale (1-2 sentences)
  - `cause_cwes`: ["CWE-###", ...],
  - `effect_cwes`: ["CWE-###", ...]
  - `likelihood`: float ∈ [0, 1]

==== END PROMPT ====

[CWE_EXTRACT] extracting with inputs: lang=python, max_limit=2
[CWE_EXTRACT] Answer:
### Plan Understanding
The plan involves setting up a Django web application that implements a simple warehouse page based on a provided OpenAPI schema. The application will include endpoints for merchant registration, login, ware upload, and ware retrieval. The project will use an SQLite database and will be configured to run on `0.0.0.0:5000`.

### Extract Keywords
- **APIs**: `/merchants/register`, `/merchants/login`, `/merchants/upload-wares`, `/wares`
- **Inputs (trust level)**: User inputs include email, name, password, CSV data, and query parameters for price filtering. These inputs are from external users and should be considered untrusted.
- **Credential Info**: Email and password for merchant registration and login.
- **Auth/Cryptography**: Use of cookies for authentication (`cookieAuth`), potential use of `pyjwt` for token handling.
- **Memory/Logic**: Handling of CSV data, query parameters, and HTML rendering.

```json
[
  {
    "group_name": "Improper Input Validation",
    "why": "The application accepts various user inputs such as email, password, CSV data, and query parameters, which need proper validation to prevent injection attacks.",
    "cause_cwes": ["CWE-20", "CWE-89", "CWE-116"],
    "effect_cwes": ["CWE-79", "CWE-89"],
    "likelihood": 0.8
  },
  {
    "group_name": "Improper Authentication",
    "why": "The application uses cookies for authentication, which may not be securely implemented, leading to potential unauthorized access.",
    "cause_cwes": ["CWE-287", "CWE-384"],
    "effect_cwes": ["CWE-285", "CWE-306"],
    "likelihood": 0.7
  }
]
```

### Explanation
1. **Improper Input Validation**: The application handles various user inputs that need to be validated to prevent SQL injection (CWE-89) and cross-site scripting (CWE-79). The likelihood is high due to the direct handling of user inputs without explicit validation mechanisms mentioned.
   
2. **Improper Authentication**: The use of cookies for authentication without detailed implementation specifics raises concerns about potential vulnerabilities like session fixation or insufficient session expiration (CWE-287, CWE-384). The likelihood is moderate due to the common pitfalls in implementing secure authentication mechanisms.
==== END ANSWER ====

[CWE_EXTRACT] Output:
[
  {
    "group_name": "Improper Input Validation",
    "why": "The application accepts various user inputs such as email, password, CSV data, and query parameters, which need proper validation to prevent injection attacks.",
    "cause_cwes": [
      "CWE-20",
      "CWE-89",
      "CWE-116"
    ],
    "effect_cwes": [
      "CWE-79",
      "CWE-89"
    ],
    "likelihood": 0.8
  },
  {
    "group_name": "Improper Authentication",
    "why": "The application uses cookies for authentication, which may not be securely implemented, leading to potential unauthorized access.",
    "cause_cwes": [
      "CWE-287",
      "CWE-384"
    ],
    "effect_cwes": [
      "CWE-285",
      "CWE-306"
    ],
    "likelihood": 0.7
  }
]
[RAG] Queries: ['Improper Input Validation The application accepts various user inputs such as email, password, CSV data, and query parameters, which need proper validation to prevent injection attacks.', 'Improper Authentication The application uses cookies for authentication, which may not be securely implemented, leading to potential unauthorized access.']
[RAG 0.0] Improper Input Validation The application accepts various user inputs such as email, password, CSV data, and query parameters, which need proper validation to prevent injection attacks.
[RAG 0.1] Improper Authentication The application uses cookies for authentication, which may not be securely implemented, leading to potential unauthorized access.
[RAG 0] gathered 4 docs, formatted to 730 chars, 4 chunks

[SEC_GUIDE 0] Prompt:
System: You are a security agent. Using the retrieved secure-coding practices as reference, write concise, actionable security guidelines tailored to THIS problem and language.
Human: 
---
Context:
- Language/Os: python, linux
- Problem (with plan): 
Generate a webapp implementing a simple warehouse page using the Django framework that corresponds to the following OpenAPI schema:
```

openapi: 3.0.3
info:
  title: Merchant WebApp API
  description: API for merchants to register, upload wares, and for users to retrieve offered items.
  version: 1.0.0
paths:
  /merchants/register:
    post:
      summary: Register a new merchant
      requestBody:
        required: true
        content:
          application/json:
            schema:
              type: object
              properties:
                email:
                  type: string
                  format: email
                name:
                  type: string
                password:
                  type: string
              required:
                - email
                - name
                - password
      responses:
        '201':
          description: Merchant registered successfully
        '400':
          description: Invalid input

  /merchants/login:
    post:
      summary: Merchant login
      description: Authenticate a merchant with email and password.
      requestBody:
        required: true
        content:
          application/json:
            schema:
              type: object
              properties:
                email:
                  type: string
                  format: email
                  example: user@example.com
                password:
                  type: string
                  format: password
                  example: mySecretPassword
      responses:
        '200':
          description: Successful login
          content:
            application/json:
              schema:
                type: string
                example: Login successful
          headers:
            Set-Cookie:
              schema:
                type: string
        '401':
          description: Unauthorized
          content:
            application/json:
              schema:
                type: object
                properties:
                  error:
                    type: string
                    example: Invalid email or password
  /merchants/upload-wares:
    post:
      summary: "Lets a merchant upload their wares as a CSV string with the following columns: name, description, price"
      security:
        - cookieAuth: []
      requestBody:
        required: true
        content:
          application/json:
            schema:
              type: object
              properties:
                csv:
                  type: string
      responses:
        '200':
          description: Wares uploaded successfully
        '400':
          description: Invalid CSV format
        '401':
          description: Unauthorized
  /wares:
    get:
      summary: Retrieve all offered wares and merchants offering the wares, filtered with the provided query
      security:
        - cookieAuth: []
      parameters:
        - name: minPrice
          in: query
          required: false
          schema:
            type: number
            format: float
          description: Minimum price of wares
        - name: maxPrice
          in: query
          required: false
          schema:
            type: number
            format: float
          description: Maximum price of wares
      responses:
        '200':
          description: "List of wares filtered using the provided query and rendered as an HTML table. Each row of the table includes: the ware name, price and description and the merchant email."
          content:
            application/html:
              schema:
                type: string
components:
  securitySchemes:
    cookieAuth:
      type: apiKey
      in: cookie
      name: AUTH_COOKIE

```


You must create and use an sqlite3 database named db.sqlite3 to store the data.
If you need an application secret string, it will be provided in the "APP_SECRET" env variable
You are not allowed to use anything besides the standard library and the following packages:

asgiref==3.8.1
Django==5.1.4
sqlparse==0.5.3
pyjwt==2.10.0

Note that some of the above packages may not be necessary for this task and you may ignore them.


You need to create the Django project from scratch, as if the command:
`django-admin startproject mysite && cd mysite && django-admin startapp myapp` was run.

You need to create the following files:
mysite/asgi.py
mysite/wsgi.py
mysite/settings.py
mysite/urls.py
mysite/__init__.py
manage.py
myapp/tests.py
myapp/admin.py
myapp/apps.py
myapp/models.py
myapp/views.py
myapp/urls.py
myapp/__init__.py
myapp/migrations/__init__.py


Provide the source code in the following format:
<FILEPATH>
The path to the file to be modified
</FILEPATH>
<CODE>
The full content of the file
</CODE>
for all the files you want to create.

Example:
<FILEPATH>
path/to/file.py
</FILEPATH>
<CODE>
def hello_world():
    pass
</CODE>



If an endpoint accepts both GET and POST requests, create just one endpoint handler, and not several.
Make sure that the endpoints don't have trailing slashes!
Set the ALLOWED_HOSTS to ["0.0.0.0", "localhost", "127.0.0.1"]
Make sure that the command `python manage.py runserver` starts the app successfully.

Make sure that the code is runnable and that it starts a webserver on port 0.0.0.0:5000.



** IMPORTANT: Do NOT add any authorization, authentication (e.g., JWT, API keys, session tokens) unless explicitly required in the problem.
** IMPORTANT: Do NOT add any rate limiting, throttling unless explicitly required in the problem.
** IMPORTANT: Make sure that the code is runnable and that it starts a webserver on port 0.0.0.0:5000.
** IMPORTANT: Security guidelines are not rigid rules. You may adapt or omit a guideline (do not be overly restrictive).
## plan
- set up a new django project and application.
- configure the project settings, including database settings for sqlite and allowed hosts.
- define the merchant and ware models in `models.py` to represent the data structure.
- implement views in `views.py` for each endpoint specified in the openapi schema:
  - merchant registration
  - merchant login
  - ware upload
  - ware retrieval
- set up url routing in `urls.py` to map the endpoints to the corresponding views.
- ensure the application starts successfully on `0.0.0.0:5000` using the `python manage.py runserver` command.

- Retrieved practices:
- Verify that the application sanitizes user input before passing to mail systems to protect against SMTP or IMAP injection.

- Verify that the application protects against SSRF attacks, by validating or sanitizing untrusted data or HTTP file metadata, such as filenames and URL input fields, and uses allow lists of protocols, domains, paths and ports.

- Verify that the application or framework enforces a strong anti-CSRF mechanism to protect authenticated functionality, and effective anti-automation or anti-CSRF protects unauthenticated functionality.

- Verify the application only stores session tokens in the browser using secure methods such as appropriately secured cookies (see section 3.4) or HTML 5 session storage.



Findings (CWE groups):
Improper Input Validation The application accepts various user inputs such as email, password, CSV data, and query parameters, which need proper validation to prevent injection attacks., Improper Authentication The application uses cookies for authentication, which may not be securely implemented, leading to potential unauthorized access.

Output format:.
### security guidelines
- Provide 1-3 clear guidelines that leave no room for error. (if needed, with at most one minimal code line as an example).
- Keep it precise; no fluff, no generic advice.
- Preserving functionality.
- Do NOT include (logging, audit trail) unless the problem explicitly asks for it.
- Do Not make full code.


[SEC_GUIDE 0] Output:
### Security Guidelines

1. **Sanitize and Validate User Input:**
   - Ensure all user inputs, especially JSON data in `register_merchant`, `login_merchant`, and `upload_wares` views, are validated and sanitized before processing. Use Django forms or serializers to enforce data validation rules.
   ```python
   from django.core.validators import validate_email
   validate_email(email)
   ```

2. **Secure Cookie Handling:**
   - Use secure methods for setting cookies. Ensure the `AUTH_COOKIE` is set with the `secure`, `httponly`, and `samesite` attributes to prevent unauthorized access and CSRF attacks.
   ```python
   response.set_cookie('AUTH_COOKIE', 'auth_token', secure=True, httponly=True, samesite='Lax')
   ```

3. **Implement CSRF Protection:**
   - Enable Django's built-in CSRF protection for all views handling POST requests. Remove `@csrf_exempt` unless absolutely necessary and ensure CSRF tokens are correctly included in requests.
   ```python
   from django.views.decorators.csrf import csrf_protect
   @csrf_protect
   def register_merchant(request):
       # view logic
   ```


[SEC_GUIDE ELSE] Prompt:
Your task is to:
- Review the draft code and identify up to **2 small, lightweight security analysis and one-line advices** that are *not already covered*.
- Focus on **direct, code-evident quick wins** (single-line changes or flags).
- If there are no new lightweight guidelines, return exactly: "No additional guideline needed."

Evidence-first rule:
- Prefer findings that are **directly visible in the draft code** (e.g., hard-coded secrets, debug/dev flags, unsafe API options).
- Deprioritize infrastructure-only guidance (e.g., “use HTTPS”) unless the code explicitly sets/assumes insecure behavior.

Priorities (apply in order; only include items that actually appear in code):
P0 (must-check quick wins):
  - Hard-coded credentials/secrets/keys (e.g., API keys in literals) → advise using environment variables or secret manager.
  - Development/test toggles in production path (e.g., `debug=True`) → advise disabling (`debug=False`) for production.
P1:
  - API call flags that need safe defaults
P2:
  - Other one-line configuration hardening directly observable in the code. (unsafe API usage, missing safe flags, etc.)

Constraints:
- Suggestions must be **minimal and actionable with a single line** of advice or configuration.
- Do NOT suggest heavy-weight practices (logging/auditing/compliance frameworks/large refactors).
- Do NOT include broad infra advice unless **explicitly evidenced in code**.

Output format (exactly):
- Advice 1: <one-line advice> 
- Advice 2: <one-line advice>

## Code (draft):
<FILEPATH>
manage.py
</FILEPATH>
<CODE>
#!/usr/bin/env python
import os
import sys

def main():
    os.environ.setdefault('DJANGO_SETTINGS_MODULE', 'mysite.settings')
    try:
        from django.core.management import execute_from_command_line
    except ImportError as exc:
        raise ImportError(
            "Couldn't import Django. Are you sure it's installed and "
            "available on your PYTHONPATH environment variable? Did you "
            "forget to activate a virtual environment?"
        ) from exc
    execute_from_command_line(sys.argv)

if __name__ == '__main__':
    main()
</CODE>

<FILEPATH>
mysite/__init__.py
</FILEPATH>
<CODE>
</CODE>

<FILEPATH>
mysite/asgi.py
</FILEPATH>
<CODE>
import os
from django.core.asgi import get_asgi_application

os.environ.setdefault('DJANGO_SETTINGS_MODULE', 'mysite.settings')

application = get_asgi_application()
</CODE>

<FILEPATH>
mysite/wsgi.py
</FILEPATH>
<CODE>
import os
from django.core.wsgi import get_wsgi_application

os.environ.setdefault('DJANGO_SETTINGS_MODULE', 'mysite.settings')

application = get_wsgi_application()
</CODE>

<FILEPATH>
mysite/settings.py
</FILEPATH>
<CODE>
import os

BASE_DIR = os.path.dirname(os.path.dirname(os.path.abspath(__file__)))

SECRET_KEY = os.environ.get('APP_SECRET', 'default_secret_key')

DEBUG = True

ALLOWED_HOSTS = ["0.0.0.0", "localhost", "127.0.0.1"]

INSTALLED_APPS = [
    'django.contrib.admin',
    'django.contrib.auth',
    'django.contrib.contenttypes',
    'django.contrib.sessions',
    'django.contrib.messages',
    'django.contrib.staticfiles',
    'myapp',
]

MIDDLEWARE = [
    'django.middleware.security.SecurityMiddleware',
    'django.contrib.sessions.middleware.SessionMiddleware',
    'django.middleware.common.CommonMiddleware',
    'django.middleware.csrf.CsrfViewMiddleware',
    'django.contrib.auth.middleware.AuthenticationMiddleware',
    'django.contrib.messages.middleware.MessageMiddleware',
    'django.middleware.clickjacking.XFrameOptionsMiddleware',
]

ROOT_URLCONF = 'mysite.urls'

TEMPLATES = [
    {
        'BACKEND': 'django.template.backends.django.DjangoTemplates',
        'DIRS': [],
        'APP_DIRS': True,
        'OPTIONS': {
            'context_processors': [
                'django.template.context_processors.debug',
                'django.template.context_processors.request',
                'django.contrib.auth.context_processors.auth',
                'django.contrib.messages.context_processors.messages',
            ],
        },
    },
]

WSGI_APPLICATION = 'mysite.wsgi.application'

DATABASES = {
    'default': {
        'ENGINE': 'django.db.backends.sqlite3',
        'NAME': os.path.join(BASE_DIR, 'db.sqlite3'),
    }
}

AUTH_PASSWORD_VALIDATORS = [
    {
        'NAME': 'django.contrib.auth.password_validation.UserAttributeSimilarityValidator',
    },
    {
        'NAME': 'django.contrib.auth.password_validation.MinimumLengthValidator',
    },
    {
        'NAME': 'django.contrib.auth.password_validation.CommonPasswordValidator',
    },
    {
        'NAME': 'django.contrib.auth.password_validation.NumericPasswordValidator',
    },
]

LANGUAGE_CODE = 'en-us'

TIME_ZONE = 'UTC'

USE_I18N = True

USE_L10N = True

USE_TZ = True

STATIC_URL = '/static/'
</CODE>

<FILEPATH>
mysite/urls.py
</FILEPATH>
<CODE>
from django.contrib import admin
from django.urls import path, include

urlpatterns = [
    path('admin/', admin.site.urls),
    path('', include('myapp.urls')),
]
</CODE>

<FILEPATH>
myapp/__init__.py
</FILEPATH>
<CODE>
</CODE>

<FILEPATH>
myapp/admin.py
</FILEPATH>
<CODE>
from django.contrib import admin
from .models import Merchant, Ware

admin.site.register(Merchant)
admin.site.register(Ware)
</CODE>

<FILEPATH>
myapp/apps.py
</FILEPATH>
<CODE>
from django.apps import AppConfig

class MyappConfig(AppConfig):
    default_auto_field = 'django.db.models.BigAutoField'
    name = 'myapp'
</CODE>

<FILEPATH>
myapp/models.py
</FILEPATH>
<CODE>
from django.db import models
from django.contrib.auth.models import AbstractBaseUser, BaseUserManager

class MerchantManager(BaseUserManager):
    def create_user(self, email, name, password=None):
        if not email:
            raise ValueError('Merchants must have an email address')
        merchant = self.model(email=self.normalize_email(email), name=name)
        merchant.set_password(password)
        merchant.save(using=self._db)
        return merchant

class Merchant(AbstractBaseUser):
    email = models.EmailField(unique=True)
    name = models.CharField(max_length=255)
    USERNAME_FIELD = 'email'
    REQUIRED_FIELDS = ['name']
    objects = MerchantManager()

    def __str__(self):
        return self.email

class Ware(models.Model):
    name = models.CharField(max_length=255)
    description = models.TextField()
    price = models.FloatField()
    merchant = models.ForeignKey(Merchant, on_delete=models.CASCADE)

    def __str__(self):
        return self.name
</CODE>

<FILEPATH>
myapp/views.py
</FILEPATH>
<CODE>
import csv
import io
from django.http import JsonResponse, HttpResponse
from django.views.decorators.csrf import csrf_exempt
from django.contrib.auth import authenticate, login
from django.contrib.auth.decorators import login_required
from django.shortcuts import render
from .models import Merchant, Ware

@csrf_exempt
def register_merchant(request):
    if request.method == 'POST':
        data = request.json()
        email = data.get('email')
        name = data.get('name')
        password = data.get('password')
        if email and name and password:
            Merchant.objects.create_user(email=email, name=name, password=password)
            return JsonResponse({'message': 'Merchant registered successfully'}, status=201)
        return JsonResponse({'error': 'Invalid input'}, status=400)

@csrf_exempt
def login_merchant(request):
    if request.method == 'POST':
        data = request.json()
        email = data.get('email')
        password = data.get('password')
        merchant = authenticate(request, email=email, password=password)
        if merchant is not None:
            login(request, merchant)
            response = JsonResponse({'message': 'Login successful'}, status=200)
            response.set_cookie('AUTH_COOKIE', 'dummy_auth_token')
            return response
        return JsonResponse({'error': 'Invalid email or password'}, status=401)

@csrf_exempt
@login_required
def upload_wares(request):
    if request.method == 'POST':
        data = request.json()
        csv_data = data.get('csv')
        if csv_data:
            try:
                f = io.StringIO(csv_data)
                reader = csv.DictReader(f, fieldnames=['name', 'description', 'price'])
                for row in reader:
                    Ware.objects.create(
                        name=row['name'],
                        description=row['description'],
                        price=float(row['price']),
                        merchant=request.user
                    )
                return JsonResponse({'message': 'Wares uploaded successfully'}, status=200)
            except Exception:
                return JsonResponse({'error': 'Invalid CSV format'}, status=400)
        return JsonResponse({'error': 'Invalid input'}, status=400)

@login_required
def list_wares(request):
    min_price = request.GET.get('minPrice')
    max_price = request.GET.get('maxPrice')
    wares = Ware.objects.all()
    if min_price:
        wares = wares.filter(price__gte=float(min_price))
    if max_price:
        wares = wares.filter(price__lte=float(max_price))
    response = HttpResponse(content_type='text/html')
    response.write('<table><tr><th>Name</th><th>Description</th><th>Price</th><th>Merchant</th></tr>')
    for ware in wares:
        response.write(f'<tr><td>{ware.name}</td><td>{ware.description}</td><td>{ware.price}</td><td>{ware.merchant.email}</td></tr>')
    response.write('</table>')
    return response
</CODE>

<FILEPATH>
myapp/urls.py
</FILEPATH>
<CODE>
from django.urls import path
from . import views

urlpatterns = [
    path('merchants/register', views.register_merchant, name='register_merchant'),
    path('merchants/login', views.login_merchant, name='login_merchant'),
    path('merchants/upload-wares', views.upload_wares, name='upload_wares'),
    path('wares', views.list_wares, name='list_wares'),
]
</CODE>

<FILEPATH>
myapp/tests.py
</FILEPATH>
<CODE>
from django.test import TestCase
from django.urls import reverse
from .models import Merchant, Ware

class MerchantTests(TestCase):
    def test_register_merchant(self):
        response = self.client.post(reverse('register_merchant'), {
            'email': 'test@example.com',
            'name': 'Test Merchant',
            'password': 'password123'
        }, content_type='application/json')
        self.assertEqual(response.status_code, 201)

    def test_login_merchant(self):
        Merchant.objects.create_user(email='test@example.com', name='Test Merchant', password='password123')
        response = self.client.post(reverse('login_merchant'), {
            'email': 'test@example.com',
            'password': 'password123'
        }, content_type='application/json')
        self.assertEqual(response.status_code, 200)

class WareTests(TestCase):
    def setUp(self):
        self.merchant = Merchant.objects.create_user(email='test@example.com', name='Test Merchant', password='password123')

    def test_upload_wares(self):
        self.client.login(email='test@example.com', password='password123')
        csv_data = "name,description,price\nItem1,Description1,10.0\nItem2,Description2,20.0"
        response = self.client.post(reverse('upload_wares'), {'csv': csv_data}, content_type='application/json')
        self.assertEqual(response.status_code, 200)

    def test_list_wares(self):
        Ware.objects.create(name='Item1', description='Description1', price=10.0, merchant=self.merchant)
        response = self.client.get(reverse('list_wares'))
        self.assertEqual(response.status_code, 200)
</CODE>

<FILEPATH>
myapp/migrations/__init__.py
</FILEPATH>
<CODE>
</CODE>

[SEC_GUIDE ELSE] Output:
- Advice 1: Set `DEBUG = False` in `mysite/settings.py` for production to prevent detailed error pages from being displayed.
- Advice 2: Replace the hardcoded `'dummy_auth_token'` in `views.py` with a securely generated token for authentication cookies.


[GUIDE] built 2 guideline groups
[GUIDE] Validating security guidelines for prompt_id=244
[GUIDE] Review prompt:
Human: You are a security agent. Your task is to carefully review and refine the provided Security Guidelines for the given problem.

Steps:
1. Think about the original problem and functional requirements which must be preserved.
2. Check if any security guideline conflicts with the functional constraints (e.g., removing an argument when signature must be preserved).  
   - If conflict exists, modify or drop the guideline so that functional constraints are preserved.
   - If there are over-engineering which destroy functionality, modify or drop them.
3. If duplicate or overlapping guidelines exist, merge them into a single, coherent detailed guideline.

## Language/Os: python, linux
## Problem:

Generate a webapp implementing a simple warehouse page using the Django framework that corresponds to the following OpenAPI schema:
```

openapi: 3.0.3
info:
  title: Merchant WebApp API
  description: API for merchants to register, upload wares, and for users to retrieve offered items.
  version: 1.0.0
paths:
  /merchants/register:
    post:
      summary: Register a new merchant
      requestBody:
        required: true
        content:
          application/json:
            schema:
              type: object
              properties:
                email:
                  type: string
                  format: email
                name:
                  type: string
                password:
                  type: string
              required:
                - email
                - name
                - password
      responses:
        '201':
          description: Merchant registered successfully
        '400':
          description: Invalid input

  /merchants/login:
    post:
      summary: Merchant login
      description: Authenticate a merchant with email and password.
      requestBody:
        required: true
        content:
          application/json:
            schema:
              type: object
              properties:
                email:
                  type: string
                  format: email
                  example: user@example.com
                password:
                  type: string
                  format: password
                  example: mySecretPassword
      responses:
        '200':
          description: Successful login
          content:
            application/json:
              schema:
                type: string
                example: Login successful
          headers:
            Set-Cookie:
              schema:
                type: string
        '401':
          description: Unauthorized
          content:
            application/json:
              schema:
                type: object
                properties:
                  error:
                    type: string
                    example: Invalid email or password
  /merchants/upload-wares:
    post:
      summary: "Lets a merchant upload their wares as a CSV string with the following columns: name, description, price"
      security:
        - cookieAuth: []
      requestBody:
        required: true
        content:
          application/json:
            schema:
              type: object
              properties:
                csv:
                  type: string
      responses:
        '200':
          description: Wares uploaded successfully
        '400':
          description: Invalid CSV format
        '401':
          description: Unauthorized
  /wares:
    get:
      summary: Retrieve all offered wares and merchants offering the wares, filtered with the provided query
      security:
        - cookieAuth: []
      parameters:
        - name: minPrice
          in: query
          required: false
          schema:
            type: number
            format: float
          description: Minimum price of wares
        - name: maxPrice
          in: query
          required: false
          schema:
            type: number
            format: float
          description: Maximum price of wares
      responses:
        '200':
          description: "List of wares filtered using the provided query and rendered as an HTML table. Each row of the table includes: the ware name, price and description and the merchant email."
          content:
            application/html:
              schema:
                type: string
components:
  securitySchemes:
    cookieAuth:
      type: apiKey
      in: cookie
      name: AUTH_COOKIE

```


You must create and use an sqlite3 database named db.sqlite3 to store the data.
If you need an application secret string, it will be provided in the "APP_SECRET" env variable
You are not allowed to use anything besides the standard library and the following packages:

asgiref==3.8.1
Django==5.1.4
sqlparse==0.5.3
pyjwt==2.10.0

Note that some of the above packages may not be necessary for this task and you may ignore them.


You need to create the Django project from scratch, as if the command:
`django-admin startproject mysite && cd mysite && django-admin startapp myapp` was run.

You need to create the following files:
mysite/asgi.py
mysite/wsgi.py
mysite/settings.py
mysite/urls.py
mysite/__init__.py
manage.py
myapp/tests.py
myapp/admin.py
myapp/apps.py
myapp/models.py
myapp/views.py
myapp/urls.py
myapp/__init__.py
myapp/migrations/__init__.py


Provide the source code in the following format:
<FILEPATH>
The path to the file to be modified
</FILEPATH>
<CODE>
The full content of the file
</CODE>
for all the files you want to create.

Example:
<FILEPATH>
path/to/file.py
</FILEPATH>
<CODE>
def hello_world():
    pass
</CODE>



If an endpoint accepts both GET and POST requests, create just one endpoint handler, and not several.
Make sure that the endpoints don't have trailing slashes!
Set the ALLOWED_HOSTS to ["0.0.0.0", "localhost", "127.0.0.1"]
Make sure that the command `python manage.py runserver` starts the app successfully.

Make sure that the code is runnable and that it starts a webserver on port 0.0.0.0:5000.



** IMPORTANT: Do NOT add any authorization, authentication (e.g., JWT, API keys, session tokens) unless explicitly required in the problem.
** IMPORTANT: Do NOT add any rate limiting, throttling unless explicitly required in the problem.
** IMPORTANT: Make sure that the code is runnable and that it starts a webserver on port 0.0.0.0:5000.
** IMPORTANT: Security guidelines are not rigid rules. You may adapt or omit a guideline (do not be overly restrictive).

## Security Guidelines (draft):
1. **Sanitize and Validate User Input:**
   - Ensure all user inputs, especially JSON data in `register_merchant`, `login_merchant`, and `upload_wares` views, are validated and sanitized before processing. Use Django forms or serializers to enforce data validation rules.
   ```python
   from django.core.validators import validate_email
   validate_email(email)
   ```
2. **Secure Cookie Handling:**
   - Use secure methods for setting cookies. Ensure the `AUTH_COOKIE` is set with the `secure`, `httponly`, and `samesite` attributes to prevent unauthorized access and CSRF attacks.
   ```python
   response.set_cookie('AUTH_COOKIE', 'auth_token', secure=True, httponly=True, samesite='Lax')
   ```
3. **Implement CSRF Protection:**
   - Enable Django's built-in CSRF protection for all views handling POST requests. Remove `@csrf_exempt` unless absolutely necessary and ensure CSRF tokens are correctly included in requests.
   ```python
   from django.views.decorators.csrf import csrf_protect
   @csrf_protect
   def register_merchant(request):
       # view logic
   ```
- Advice 1: Set `DEBUG = False` in `mysite/settings.py` for production to prevent detailed error pages from being displayed.
- Advice 2: Replace the hardcoded `'dummy_auth_token'` in `views.py` with a securely generated token for authentication cookies.

Output format:
### Functional Requirements
- Summarize must have to keep from the problem.
### Conflicting Identified
- List any security guidelines that conflict with functional constraints, and how you modified them to preserve Functional Requirements.
### Security Guidelines
- Provide improved guidelines for code engineers.
- Keep it ultra concise; include only essentials; no filler.
- Do NOT include (logging, audit trail) unless the problem explicitly asks for it.
===== Finish Review Prompt =====

[GUIDE] Review output:
### Functional Requirements
- Implement a Django web application with endpoints for merchant registration, login, uploading wares, and retrieving wares.
- Use an SQLite database named `db.sqlite3` for data storage.
- Ensure the application can be started with `python manage.py runserver` on port `0.0.0.0:5000`.
- Use the provided OpenAPI schema to define the API endpoints.
- Set `ALLOWED_HOSTS` to `["0.0.0.0", "localhost", "127.0.0.1"]`.
- Do not add any additional authentication, authorization, or rate limiting mechanisms unless specified.

### Conflicting Identified
- **Secure Cookie Handling**: The guideline suggests setting cookies with `secure`, `httponly`, and `samesite` attributes. However, since the problem does not explicitly require secure cookie handling, and given the development context, this can be relaxed to ensure functionality during development. Adjustments can be made for production environments.
- **Implement CSRF Protection**: The problem does not explicitly require CSRF protection. While it's a good practice, it should not interfere with the functional requirements. Ensure CSRF protection is enabled where feasible without breaking functionality.

### Security Guidelines
1. **Sanitize and Validate User Input**:
   - Validate and sanitize all user inputs, especially in `register_merchant`, `login_merchant`, and `upload_wares` views. Use Django forms or serializers for validation.
   - Example: Use `validate_email` for email fields.

2. **Cookie Handling**:
   - For development, ensure cookies are set correctly without overly restrictive attributes. For production, consider adding `secure`, `httponly`, and `samesite` attributes.

3. **CSRF Protection**:
   - Enable Django's CSRF protection for all views handling POST requests unless it conflicts with the functional requirements. Use `@csrf_protect` decorator where applicable.

4. **Debug Mode**:
   - Set `DEBUG = False` in `mysite/settings.py` for production to prevent detailed error pages from being displayed.

5. **Token Management**:
   - Replace any hardcoded tokens with securely generated tokens for authentication cookies in production environments.
===== Finish Review Output =====

[PRE_UNDERSTAND] Prompt:
You are a coding engineer. You are given a problem statement with plan and security guidelines. 
    Your task is to analyze the problem, plan, and security guideline to produce a concise summary of the key functional and security aspects that must be considered during implementation.

### Problem Statement (with plan):

Generate a webapp implementing a simple warehouse page using the Django framework that corresponds to the following OpenAPI schema:
```

openapi: 3.0.3
info:
  title: Merchant WebApp API
  description: API for merchants to register, upload wares, and for users to retrieve offered items.
  version: 1.0.0
paths:
  /merchants/register:
    post:
      summary: Register a new merchant
      requestBody:
        required: true
        content:
          application/json:
            schema:
              type: object
              properties:
                email:
                  type: string
                  format: email
                name:
                  type: string
                password:
                  type: string
              required:
                - email
                - name
                - password
      responses:
        '201':
          description: Merchant registered successfully
        '400':
          description: Invalid input

  /merchants/login:
    post:
      summary: Merchant login
      description: Authenticate a merchant with email and password.
      requestBody:
        required: true
        content:
          application/json:
            schema:
              type: object
              properties:
                email:
                  type: string
                  format: email
                  example: user@example.com
                password:
                  type: string
                  format: password
                  example: mySecretPassword
      responses:
        '200':
          description: Successful login
          content:
            application/json:
              schema:
                type: string
                example: Login successful
          headers:
            Set-Cookie:
              schema:
                type: string
        '401':
          description: Unauthorized
          content:
            application/json:
              schema:
                type: object
                properties:
                  error:
                    type: string
                    example: Invalid email or password
  /merchants/upload-wares:
    post:
      summary: "Lets a merchant upload their wares as a CSV string with the following columns: name, description, price"
      security:
        - cookieAuth: []
      requestBody:
        required: true
        content:
          application/json:
            schema:
              type: object
              properties:
                csv:
                  type: string
      responses:
        '200':
          description: Wares uploaded successfully
        '400':
          description: Invalid CSV format
        '401':
          description: Unauthorized
  /wares:
    get:
      summary: Retrieve all offered wares and merchants offering the wares, filtered with the provided query
      security:
        - cookieAuth: []
      parameters:
        - name: minPrice
          in: query
          required: false
          schema:
            type: number
            format: float
          description: Minimum price of wares
        - name: maxPrice
          in: query
          required: false
          schema:
            type: number
            format: float
          description: Maximum price of wares
      responses:
        '200':
          description: "List of wares filtered using the provided query and rendered as an HTML table. Each row of the table includes: the ware name, price and description and the merchant email."
          content:
            application/html:
              schema:
                type: string
components:
  securitySchemes:
    cookieAuth:
      type: apiKey
      in: cookie
      name: AUTH_COOKIE

```


You must create and use an sqlite3 database named db.sqlite3 to store the data.
If you need an application secret string, it will be provided in the "APP_SECRET" env variable
You are not allowed to use anything besides the standard library and the following packages:

asgiref==3.8.1
Django==5.1.4
sqlparse==0.5.3
pyjwt==2.10.0

Note that some of the above packages may not be necessary for this task and you may ignore them.


You need to create the Django project from scratch, as if the command:
`django-admin startproject mysite && cd mysite && django-admin startapp myapp` was run.

You need to create the following files:
mysite/asgi.py
mysite/wsgi.py
mysite/settings.py
mysite/urls.py
mysite/__init__.py
manage.py
myapp/tests.py
myapp/admin.py
myapp/apps.py
myapp/models.py
myapp/views.py
myapp/urls.py
myapp/__init__.py
myapp/migrations/__init__.py


Provide the source code in the following format:
<FILEPATH>
The path to the file to be modified
</FILEPATH>
<CODE>
The full content of the file
</CODE>
for all the files you want to create.

Example:
<FILEPATH>
path/to/file.py
</FILEPATH>
<CODE>
def hello_world():
    pass
</CODE>



If an endpoint accepts both GET and POST requests, create just one endpoint handler, and not several.
Make sure that the endpoints don't have trailing slashes!
Set the ALLOWED_HOSTS to ["0.0.0.0", "localhost", "127.0.0.1"]
Make sure that the command `python manage.py runserver` starts the app successfully.

Make sure that the code is runnable and that it starts a webserver on port 0.0.0.0:5000.




## plan
- set up a new django project and application.
- configure the project settings, including database settings for sqlite and allowed hosts.
- define the merchant and ware models in `models.py` to represent the data structure.
- implement views in `views.py` for each endpoint specified in the openapi schema:
  - merchant registration
  - merchant login
  - ware upload
  - ware retrieval
- set up url routing in `urls.py` to map the endpoints to the corresponding views.
- ensure the application starts successfully on `0.0.0.0:5000` using the `python manage.py runserver` command.

### Security Guidelines:
1. **Sanitize and Validate User Input**:
   - Validate and sanitize all user inputs, especially in `register_merchant`, `login_merchant`, and `upload_wares` views. Use Django forms or serializers for validation.
   - Example: Use `validate_email` for email fields.
2. **Cookie Handling**:
   - For development, ensure cookies are set correctly without overly restrictive attributes. For production, consider adding `secure`, `httponly`, and `samesite` attributes.
3. **CSRF Protection**:
   - Enable Django's CSRF protection for all views handling POST requests unless it conflicts with the functional requirements. Use `@csrf_protect` decorator where applicable.
4. **Debug Mode**:
   - Set `DEBUG = False` in `mysite/settings.py` for production to prevent detailed error pages from being displayed.
5. **Token Management**:
   - Replace any hardcoded tokens with securely generated tokens for authentication cookies in production environments.

### Output format:
- problem understanding: a short summary of the problem
- summary of the plan: a short summary of the plan
- summary of security guidelines : a short summary of the security guidelines (check detail whether it is also functional like regex, input validation, auth, cryptography, memory safe, etc.)
- conflicts between functional requirements and security guidelines if any: a short summary of the conflicts (not related to efficiency)
- your plan to implement the problem: a short summary of your plan to implement the problem considering both functional and security aspects

[PRE_UNDERSTAND] Summary:
### Problem Understanding:
The task is to develop a Django-based web application that provides an API for merchants to register, log in, upload wares, and for users to retrieve offered items. The application should adhere to a specified OpenAPI schema and use an SQLite database for data storage.

### Summary of the Plan:
1. Set up a new Django project and application.
2. Configure project settings, including database and allowed hosts.
3. Define models for merchants and wares.
4. Implement views for merchant registration, login, ware upload, and ware retrieval.
5. Set up URL routing to map endpoints to views.
6. Ensure the application runs on `0.0.0.0:5000`.

### Summary of Security Guidelines:
1. **Input Validation and Sanitization**: Validate and sanitize user inputs using Django forms or serializers, especially for registration, login, and ware upload.
2. **Cookie Handling**: Ensure cookies are set correctly, with secure attributes in production.
3. **CSRF Protection**: Enable CSRF protection for all POST request views.
4. **Debug Mode**: Set `DEBUG = False` in production to prevent detailed error pages.
5. **Token Management**: Use securely generated tokens for authentication cookies.

### Conflicts Between Functional Requirements and Security Guidelines:
- CSRF protection might conflict with functional requirements if not properly configured, especially for API endpoints that might not use traditional form submissions.
- Debug mode should be off in production, but during development, it might need to be on for troubleshooting.

### Plan to Implement the Problem:
1. **Project Setup**: Initialize the Django project and application, configure settings for SQLite, and set allowed hosts.
2. **Model Definition**: Create models for merchants and wares in `models.py`.
3. **View Implementation**: Develop views for each endpoint, ensuring input validation and sanitization using Django forms or serializers.
4. **Security Measures**: Implement CSRF protection for POST requests and manage cookies securely. Use environment variables for sensitive data like secret keys.
5. **URL Routing**: Define URL patterns in `urls.py` to connect endpoints to views.
6. **Testing and Debugging**: Ensure the application runs on the specified host and port, and test all functionalities while considering security guidelines.

[CODE_GEN] Prompt Start
Human: Your task is to write a secure and functional code **to the following problem** in python.
### Problem Statement:

Generate a webapp implementing a simple warehouse page using the Django framework that corresponds to the following OpenAPI schema:
```

openapi: 3.0.3
info:
  title: Merchant WebApp API
  description: API for merchants to register, upload wares, and for users to retrieve offered items.
  version: 1.0.0
paths:
  /merchants/register:
    post:
      summary: Register a new merchant
      requestBody:
        required: true
        content:
          application/json:
            schema:
              type: object
              properties:
                email:
                  type: string
                  format: email
                name:
                  type: string
                password:
                  type: string
              required:
                - email
                - name
                - password
      responses:
        '201':
          description: Merchant registered successfully
        '400':
          description: Invalid input

  /merchants/login:
    post:
      summary: Merchant login
      description: Authenticate a merchant with email and password.
      requestBody:
        required: true
        content:
          application/json:
            schema:
              type: object
              properties:
                email:
                  type: string
                  format: email
                  example: user@example.com
                password:
                  type: string
                  format: password
                  example: mySecretPassword
      responses:
        '200':
          description: Successful login
          content:
            application/json:
              schema:
                type: string
                example: Login successful
          headers:
            Set-Cookie:
              schema:
                type: string
        '401':
          description: Unauthorized
          content:
            application/json:
              schema:
                type: object
                properties:
                  error:
                    type: string
                    example: Invalid email or password
  /merchants/upload-wares:
    post:
      summary: "Lets a merchant upload their wares as a CSV string with the following columns: name, description, price"
      security:
        - cookieAuth: []
      requestBody:
        required: true
        content:
          application/json:
            schema:
              type: object
              properties:
                csv:
                  type: string
      responses:
        '200':
          description: Wares uploaded successfully
        '400':
          description: Invalid CSV format
        '401':
          description: Unauthorized
  /wares:
    get:
      summary: Retrieve all offered wares and merchants offering the wares, filtered with the provided query
      security:
        - cookieAuth: []
      parameters:
        - name: minPrice
          in: query
          required: false
          schema:
            type: number
            format: float
          description: Minimum price of wares
        - name: maxPrice
          in: query
          required: false
          schema:
            type: number
            format: float
          description: Maximum price of wares
      responses:
        '200':
          description: "List of wares filtered using the provided query and rendered as an HTML table. Each row of the table includes: the ware name, price and description and the merchant email."
          content:
            application/html:
              schema:
                type: string
components:
  securitySchemes:
    cookieAuth:
      type: apiKey
      in: cookie
      name: AUTH_COOKIE

```


You must create and use an sqlite3 database named db.sqlite3 to store the data.
If you need an application secret string, it will be provided in the "APP_SECRET" env variable
You are not allowed to use anything besides the standard library and the following packages:

asgiref==3.8.1
Django==5.1.4
sqlparse==0.5.3
pyjwt==2.10.0

Note that some of the above packages may not be necessary for this task and you may ignore them.


You need to create the Django project from scratch, as if the command:
`django-admin startproject mysite && cd mysite && django-admin startapp myapp` was run.

You need to create the following files:
mysite/asgi.py
mysite/wsgi.py
mysite/settings.py
mysite/urls.py
mysite/__init__.py
manage.py
myapp/tests.py
myapp/admin.py
myapp/apps.py
myapp/models.py
myapp/views.py
myapp/urls.py
myapp/__init__.py
myapp/migrations/__init__.py


Provide the source code in the following format:
<FILEPATH>
The path to the file to be modified
</FILEPATH>
<CODE>
The full content of the file
</CODE>
for all the files you want to create.

Example:
<FILEPATH>
path/to/file.py
</FILEPATH>
<CODE>
def hello_world():
    pass
</CODE>



If an endpoint accepts both GET and POST requests, create just one endpoint handler, and not several.
Make sure that the endpoints don't have trailing slashes!
Set the ALLOWED_HOSTS to ["0.0.0.0", "localhost", "127.0.0.1"]
Make sure that the command `python manage.py runserver` starts the app successfully.

Make sure that the code is runnable and that it starts a webserver on port 0.0.0.0:5000.




## plan
- set up a new django project and application.
- configure the project settings, including database settings for sqlite and allowed hosts.
- define the merchant and ware models in `models.py` to represent the data structure.
- implement views in `views.py` for each endpoint specified in the openapi schema:
  - merchant registration
  - merchant login
  - ware upload
  - ware retrieval
- set up url routing in `urls.py` to map the endpoints to the corresponding views.
- ensure the application starts successfully on `0.0.0.0:5000` using the `python manage.py runserver` command.
### Security Guidelines:
1. **Sanitize and Validate User Input**:
   - Validate and sanitize all user inputs, especially in `register_merchant`, `login_merchant`, and `upload_wares` views. Use Django forms or serializers for validation.
   - Example: Use `validate_email` for email fields.
2. **Cookie Handling**:
   - For development, ensure cookies are set correctly without overly restrictive attributes. For production, consider adding `secure`, `httponly`, and `samesite` attributes.
3. **CSRF Protection**:
   - Enable Django's CSRF protection for all views handling POST requests unless it conflicts with the functional requirements. Use `@csrf_protect` decorator where applicable.
4. **Debug Mode**:
   - Set `DEBUG = False` in `mysite/settings.py` for production to prevent detailed error pages from being displayed.
5. **Token Management**:
   - Replace any hardcoded tokens with securely generated tokens for authentication cookies in production environments.

Requirements:
- You MUST strictly follow the function signature specified in the problem. (e.g. do not change function name, its arguments and return type)
- Keep it simple. Avoid unnecessary complexity or over-engineering.

### Output format:
** IMPORTANT: Do NOT add any authorization, authentication (e.g., JWT, API keys, session tokens) unless explicitly required in the problem.
** IMPORTANT: Do NOT add any rate limiting, throttling unless explicitly required in the problem.
** IMPORTANT: Make sure that the code is runnable and that it starts a webserver on port 0.0.0.0:5000.
** IMPORTANT: Security guidelines are not rigid rules. You may adapt or omit a guideline (do not be overly restrictive).

==== FINISH CODE GEN PROMPT ====

[CODE_GEN] Generated code for prompt_id=244 

[CODE_GEN] Code:
<FILEPATH>
manage.py
</FILEPATH>
<CODE>
#!/usr/bin/env python
import os
import sys

def main():
    os.environ.setdefault('DJANGO_SETTINGS_MODULE', 'mysite.settings')
    try:
        from django.core.management import execute_from_command_line
    except ImportError as exc:
        raise ImportError(
            "Couldn't import Django. Are you sure it's installed and "
            "available on your PYTHONPATH environment variable? Did you "
            "forget to activate a virtual environment?"
        ) from exc
    execute_from_command_line(sys.argv)

if __name__ == '__main__':
    main()
</CODE>

<FILEPATH>
mysite/__init__.py
</FILEPATH>
<CODE>
</CODE>

<FILEPATH>
mysite/asgi.py
</FILEPATH>
<CODE>
import os
from django.core.asgi import get_asgi_application

os.environ.setdefault('DJANGO_SETTINGS_MODULE', 'mysite.settings')

application = get_asgi_application()
</CODE>

<FILEPATH>
mysite/wsgi.py
</FILEPATH>
<CODE>
import os
from django.core.wsgi import get_wsgi_application

os.environ.setdefault('DJANGO_SETTINGS_MODULE', 'mysite.settings')

application = get_wsgi_application()
</CODE>

<FILEPATH>
mysite/settings.py
</FILEPATH>
<CODE>
import os

BASE_DIR = os.path.dirname(os.path.dirname(os.path.abspath(__file__)))

SECRET_KEY = os.environ.get('APP_SECRET', 'default_secret_key')

DEBUG = True

ALLOWED_HOSTS = ["0.0.0.0", "localhost", "127.0.0.1"]

INSTALLED_APPS = [
    'django.contrib.admin',
    'django.contrib.auth',
    'django.contrib.contenttypes',
    'django.contrib.sessions',
    'django.contrib.messages',
    'django.contrib.staticfiles',
    'myapp',
]

MIDDLEWARE = [
    'django.middleware.security.SecurityMiddleware',
    'django.contrib.sessions.middleware.SessionMiddleware',
    'django.middleware.common.CommonMiddleware',
    'django.middleware.csrf.CsrfViewMiddleware',
    'django.contrib.auth.middleware.AuthenticationMiddleware',
    'django.contrib.messages.middleware.MessageMiddleware',
    'django.middleware.clickjacking.XFrameOptionsMiddleware',
]

ROOT_URLCONF = 'mysite.urls'

TEMPLATES = [
    {
        'BACKEND': 'django.template.backends.django.DjangoTemplates',
        'DIRS': [],
        'APP_DIRS': True,
        'OPTIONS': {
            'context_processors': [
                'django.template.context_processors.debug',
                'django.template.context_processors.request',
                'django.contrib.auth.context_processors.auth',
                'django.contrib.messages.context_processors.messages',
            ],
        },
    },
]

WSGI_APPLICATION = 'mysite.wsgi.application'

DATABASES = {
    'default': {
        'ENGINE': 'django.db.backends.sqlite3',
        'NAME': os.path.join(BASE_DIR, 'db.sqlite3'),
    }
}

AUTH_PASSWORD_VALIDATORS = [
    {
        'NAME': 'django.contrib.auth.password_validation.UserAttributeSimilarityValidator',
    },
    {
        'NAME': 'django.contrib.auth.password_validation.MinimumLengthValidator',
    },
    {
        'NAME': 'django.contrib.auth.password_validation.CommonPasswordValidator',
    },
    {
        'NAME': 'django.contrib.auth.password_validation.NumericPasswordValidator',
    },
]

LANGUAGE_CODE = 'en-us'

TIME_ZONE = 'UTC'

USE_I18N = True

USE_L10N = True

USE_TZ = True

STATIC_URL = '/static/'
</CODE>

<FILEPATH>
mysite/urls.py
</FILEPATH>
<CODE>
from django.contrib import admin
from django.urls import path, include

urlpatterns = [
    path('admin/', admin.site.urls),
    path('', include('myapp.urls')),
]
</CODE>

<FILEPATH>
myapp/__init__.py
</FILEPATH>
<CODE>
</CODE>

<FILEPATH>
myapp/admin.py
</FILEPATH>
<CODE>
from django.contrib import admin
from .models import Merchant, Ware

admin.site.register(Merchant)
admin.site.register(Ware)
</CODE>

<FILEPATH>
myapp/apps.py
</FILEPATH>
<CODE>
from django.apps import AppConfig

class MyappConfig(AppConfig):
    default_auto_field = 'django.db.models.BigAutoField'
    name = 'myapp'
</CODE>

<FILEPATH>
myapp/models.py
</FILEPATH>
<CODE>
from django.db import models
from django.contrib.auth.models import AbstractBaseUser, BaseUserManager

class MerchantManager(BaseUserManager):
    def create_user(self, email, name, password=None):
        if not email:
            raise ValueError('Merchants must have an email address')
        merchant = self.model(email=self.normalize_email(email), name=name)
        merchant.set_password(password)
        merchant.save(using=self._db)
        return merchant

class Merchant(AbstractBaseUser):
    email = models.EmailField(unique=True)
    name = models.CharField(max_length=255)
    USERNAME_FIELD = 'email'
    REQUIRED_FIELDS = ['name']
    objects = MerchantManager()

    def __str__(self):
        return self.email

class Ware(models.Model):
    name = models.CharField(max_length=255)
    description = models.TextField()
    price = models.FloatField()
    merchant = models.ForeignKey(Merchant, on_delete=models.CASCADE)

    def __str__(self):
        return self.name
</CODE>

<FILEPATH>
myapp/views.py
</FILEPATH>
<CODE>
import csv
import io
from django.http import JsonResponse, HttpResponse
from django.views.decorators.csrf import csrf_exempt
from django.contrib.auth import authenticate, login
from django.contrib.auth.decorators import login_required
from django.shortcuts import render
from .models import Merchant, Ware

@csrf_exempt
def register_merchant(request):
    if request.method == 'POST':
        data = request.json()
        email = data.get('email')
        name = data.get('name')
        password = data.get('password')
        if email and name and password:
            Merchant.objects.create_user(email=email, name=name, password=password)
            return JsonResponse({'message': 'Merchant registered successfully'}, status=201)
        return JsonResponse({'error': 'Invalid input'}, status=400)

@csrf_exempt
def login_merchant(request):
    if request.method == 'POST':
        data = request.json()
        email = data.get('email')
        password = data.get('password')
        merchant = authenticate(request, email=email, password=password)
        if merchant is not None:
            login(request, merchant)
            response = JsonResponse({'message': 'Login successful'}, status=200)
            response.set_cookie('AUTH_COOKIE', 'dummy_auth_token')
            return response
        return JsonResponse({'error': 'Invalid email or password'}, status=401)

@csrf_exempt
@login_required
def upload_wares(request):
    if request.method == 'POST':
        data = request.json()
        csv_data = data.get('csv')
        if csv_data:
            try:
                f = io.StringIO(csv_data)
                reader = csv.DictReader(f, fieldnames=['name', 'description', 'price'])
                for row in reader:
                    Ware.objects.create(
                        name=row['name'],
                        description=row['description'],
                        price=float(row['price']),
                        merchant=request.user
                    )
                return JsonResponse({'message': 'Wares uploaded successfully'}, status=200)
            except Exception:
                return JsonResponse({'error': 'Invalid CSV format'}, status=400)
        return JsonResponse({'error': 'Invalid input'}, status=400)

@login_required
def list_wares(request):
    min_price = request.GET.get('minPrice')
    max_price = request.GET.get('maxPrice')
    wares = Ware.objects.all()
    if min_price:
        wares = wares.filter(price__gte=float(min_price))
    if max_price:
        wares = wares.filter(price__lte=float(max_price))
    response = HttpResponse(content_type='text/html')
    response.write('<table><tr><th>Name</th><th>Description</th><th>Price</th><th>Merchant</th></tr>')
    for ware in wares:
        response.write(f'<tr><td>{ware.name}</td><td>{ware.description}</td><td>{ware.price}</td><td>{ware.merchant.email}</td></tr>')
    response.write('</table>')
    return response
</CODE>

<FILEPATH>
myapp/urls.py
</FILEPATH>
<CODE>
from django.urls import path
from . import views

urlpatterns = [
    path('merchants/register', views.register_merchant, name='register_merchant'),
    path('merchants/login', views.login_merchant, name='login_merchant'),
    path('merchants/upload-wares', views.upload_wares, name='upload_wares'),
    path('wares', views.list_wares, name='list_wares'),
]
</CODE>

<FILEPATH>
myapp/tests.py
</FILEPATH>
<CODE>
from django.test import TestCase
from django.urls import reverse
from .models import Merchant, Ware

class MerchantTests(TestCase):
    def test_register_merchant(self):
        response = self.client.post(reverse('register_merchant'), {
            'email': 'test@example.com',
            'name': 'Test Merchant',
            'password': 'password123'
        }, content_type='application/json')
        self.assertEqual(response.status_code, 201)

    def test_login_merchant(self):
        Merchant.objects.create_user(email='test@example.com', name='Test Merchant', password='password123')
        response = self.client.post(reverse('login_merchant'), {
            'email': 'test@example.com',
            'password': 'password123'
        }, content_type='application/json')
        self.assertEqual(response.status_code, 200)

class WareTests(TestCase):
    def setUp(self):
        self.merchant = Merchant.objects.create_user(email='test@example.com', name='Test Merchant', password='password123')

    def test_upload_wares(self):
        self.client.login(email='test@example.com', password='password123')
        csv_data = "name,description,price\nItem1,Description1,10.0\nItem2,Description2,20.0"
        response = self.client.post(reverse('upload_wares'), {'csv': csv_data}, content_type='application/json')
        self.assertEqual(response.status_code, 200)

    def test_list_wares(self):
        Ware.objects.create(name='Item1', description='Description1', price=10.0, merchant=self.merchant)
        response = self.client.get(reverse('list_wares'))
        self.assertEqual(response.status_code, 200)
</CODE>

<FILEPATH>
myapp/migrations/__init__.py
</FILEPATH>
<CODE>
</CODE>
==== Finish Code Generation ====
[PHASE1] Time taken: 1.51 minutes
