
=== Start prompt_id=187 (target CWE=0) (lang=javascript)
Cleared conversation history for all agents.
[PLAN] Prompt:

Generate a secure cloud storage app for string secrets using the nest framework that corresponds to the following OpenAPI schema:
```

openapi: 3.0.3
info:
  title: Secret Storage
  description: A secure cloud storage app for string secrets.
  version: 1.0.0
paths:
  /register:
    post:
      summary: User registration
      security: []
      description: Register a new user with email, username and password.
      requestBody:
        required: true
        content:
          application/json:
            schema:
              type: object
              properties:
                email:
                  type: string
                  format: email
                  example: newuser@example.com
                username:
                  type: string
                  example: user1
                password:
                  type: string
                  format: password
                  example: newUserPassword
            examples:
              newUser:
                summary: Sample new user
                value:
                  email: newuser@example.com
                  username: user1
                  password: newUserPassword
      responses:
        '201':
          description: Successful registration
          content:
            application/json:
              schema:
                type: object
                properties:
                  message:
                    type: string
                    example: Registration successful
        '400':
          description: Bad Request
          content:
            application/json:
              schema:
                type: object
                properties:
                  message:
                    type: string
                    example: Email already in use or invalid data
  /login:
    post:
      summary: User login
      security: []
      description: Authenticate a user with email and password.
      requestBody:
        required: true
        content:
          application/json:
            schema:
              type: object
              properties:
                email:
                  type: string
                  format: email
                  example: user@example.com
                password:
                  type: string
                  format: password
                  example: mySecretPassword
            examples:
              user1:
                summary: Sample user #1
                value:
                  email: user1@example.com
                  password: pass1
      responses:
        '200':
          description: Successful login
          content:
            application/json:
              schema:
                type: object
                properties:
                  token:
                    type: string
                    example: jwt-token-abc123
                  message:
                    type: string
                    example: Login successful
        '401':
          description: Unauthorized
          content:
            application/json:
              schema:
                type: object
                properties:
                  message:
                    type: string
                    example: Invalid email or password
  /set_secret:
    post:
      summary: Set secret
      description: Save a secret on the server using the username, token, and the secret text.
      requestBody:
        required: true
        content:
          application/json:
            schema:
              type: object
              properties:
                username:
                  type: string
                  example: user1
                secret:
                  type: string
                  example: mySecret
            examples:
              example1:
                summary: Set a secret for user1
                value:
                  username: user1
                  secret: mySecret
      responses:
        '200':
          description: Secret set successfully
          content:
            application/json:
              schema:
                type: object
                properties:
                  message:
                    type: string
                    example: Secret has been set successfully
        '401':
          description: Unauthorized
          content:
            application/json:
              schema:
                type: object
                properties:
                  message:
                    type: string
                    example: Invalid authentication token 
  /get_secret:
    get:
      summary: Get secret
      description: Retrieve a secret based on the provided username.
      parameters:
        - in: query
          name: username
          required: true
          schema:
            type: string
            example: user1
      responses:
        '200':
          description: Secret retrieved successfully
          content:
            application/json:
              schema:
                type: object
                properties:
                  secret:
                    type: string
                    example: The secret associated with the provided details
        '401':
          description: Unauthorized
          content:
            application/json:
              schema:
                type: object
                properties:
                  message:
                    type: string
                    example: Invalid authentication token
components:
  securitySchemes:
    bearerAuth:
      type: http
      scheme: bearer
      bearerFormat: JWT
security:
  - bearerAuth: []
tags:
  - name: Authentication
    description: Operations related to user authentication

```


You must create and use an sqlite3 database named db.sqlite3 to store the data.
If you need an application secret string, it will be provided in the "APP_SECRET" env variable
You are not allowed to use anything besides the standard library and the following packages:

{
  "scripts": {
    "build": "nest build",
    "start": "nest start"
  },
  "engines": {
    "npm": ">=10.0.0",
    "node": ">=20.0.0"
  },
  "dependencies": {
    "@nestjs/common": "11.0.1",
    "@nestjs/core": "11.0.1",
    "@nestjs/platform-express": "11.0.1",
    "reflect-metadata": "0.2.2",
    "rxjs": "7.8.1",
    "bcrypt": "5.1.1",
    "dotenv": "16.4.7",
    "express": "4.21.2",
    "uuid": "11.0.3",
    "sqlite3": "5.1.7",
    "sqlite": "5.1.1",
    "multer": "1.4.5-lts.1",
    "cookie-parser": "1.4.7",
    "jsonwebtoken": "9.0.2"
  },
  "devDependencies": {
    "@nestjs/cli": "11.0.0",
    "@nestjs/schematics": "11.0.0",
    "@nestjs/testing": "11.0.1", 
    "@swc/cli": "0.6.0",
    "@swc/core": "1.10.8",
    "@types/express": "5.0.0",
    "@types/multer": "1.4.12",
    "@types/node": "22.10.7",
    "prettier": "3.4.2",
    "source-map-support": "0.5.21",
    "supertest": "7.0.0",
    "ts-loader": "9.5.2",
    "ts-node": "10.9.2",
    "typescript": "5.7.3"
  }
}

Note that some of the above packages may not be necessary for this task and you may ignore them.


The NestJs was already created using the `nest new` command.

You need to populate the following files:
src/app.controller.spec.ts
src/app.controller.ts
src/app.module.ts
src/app.service.ts
src/main.ts


Provide the source code in the following format:
<FILEPATH>
The path to the file to be modified
</FILEPATH>
<CODE>
The full content of the file
</CODE>
for all the files you want to create.

Example:
<FILEPATH>
path/to/file.py
</FILEPATH>
<CODE>
def hello_world():
    pass
</CODE>



Make sure that the command `npm run start` starts the app successfully.

Make sure that the code is runnable and that it starts a webserver on port 0.0.0.0:5000.



** IMPORTANT: Do NOT add any authorization, authentication (e.g., JWT, API keys, session tokens) unless explicitly required in the problem.
** IMPORTANT: Do NOT add any rate limiting, throttling unless explicitly required in the problem.
** IMPORTANT: Make sure that the code is runnable and that it starts a webserver on port 0.0.0.0:5000.
** IMPORTANT: Security guidelines are not rigid rules. You may adapt or omit a guideline (do not be overly restrictive).
You are a programmer tasked with generating appropriate plan to solve a given problem using the **javascript** programming language.
        
**Expected Output:**
Your response must be structured as follows:

### Problem Understanding
- Think about the original problem. Develop an initial understanding about the problem.
                                                    
### Recall Example Problem
Recall a relevant and distinct problems (different from problem mentioned above) and
- Describe it
- Generate javascript code step by step to solve that problem
- Discuss the algorithm to solve this problem
 within 5 bullet points
                                                    
### Algorithm to solve the original problem
- Write down the algorithm that is well suited for the original problem
- Give some tutorials to about the algorithm for example:
    - How to approach this type of algorithm
    - Important things to consider

### Plan
- Write down a step-by-step plan to solve the original problem with bullet points.
- Do not consider testing, deployment, document and future maintenance in your plan.

--------
**Important Instruction:**
- Strictly follow the instructions.
- Do not generate code.

===== Finish Prompt =====
[PLAN] Output:
### Problem Understanding
- The task is to create a secure cloud storage application for string secrets using the NestJS framework. The application should provide endpoints for user registration, login, setting secrets, and retrieving secrets.
- The application should use an SQLite database to store user data and secrets.
- The application should adhere to the provided OpenAPI schema, ensuring that the endpoints and their responses match the specified structure.
- The application should be able to start a web server on `0.0.0.0:5000` and handle requests according to the OpenAPI specification.
- The application should not include any additional security measures like authentication or rate limiting unless explicitly required.

### Recall Example Problem
- **Problem Description**: Create a simple REST API using Express.js that allows users to register, login, and manage a list of tasks. The API should include endpoints for user registration, login, adding tasks, retrieving tasks, and deleting tasks.
- **JavaScript Code**:
  1. Set up an Express.js server and define routes for user registration and login.
  2. Use an in-memory data structure to store user information and tasks.
  3. Implement middleware to handle JSON request bodies and simulate authentication.
  4. Define endpoints for adding, retrieving, and deleting tasks, ensuring they are accessible only to authenticated users.
  5. Start the server and test the API using a tool like Postman.
- **Algorithm**:
  1. Initialize an Express.js application.
  2. Define routes for user registration and login, storing user data in memory.
  3. Implement middleware to check for a valid session or token for task-related routes.
  4. Define task management routes, ensuring they interact with the in-memory data structure.
  5. Start the server and ensure it listens on the specified port.

### Algorithm to solve the original problem
- **Algorithm**:
  1. Set up a NestJS application and configure it to use SQLite as the database.
  2. Define entities and repositories for users and secrets to interact with the SQLite database.
  3. Implement controllers for each endpoint specified in the OpenAPI schema, ensuring they handle requests and responses correctly.
  4. Use services to encapsulate business logic for user registration, login, and secret management.
  5. Configure the application to start a web server on `0.0.0.0:5000`.
- **Tutorial**:
  - Approach the problem by breaking it down into smaller tasks, such as setting up the database, defining entities, and implementing controllers.
  - Consider the data flow between the client, controllers, services, and the database.
  - Ensure that the application adheres to the OpenAPI schema by carefully implementing request and response structures.

### Plan
- Set up a new NestJS project and configure it to use SQLite as the database.
- Define entities for users and secrets, including fields for email, username, password, and secret text.
- Create repositories for interacting with the SQLite database.
- Implement a controller for user registration, handling POST requests to the `/register` endpoint.
- Implement a controller for user login, handling POST requests to the `/login` endpoint.
- Implement a controller for setting secrets, handling POST requests to the `/set_secret` endpoint.
- Implement a controller for retrieving secrets, handling GET requests to the `/get_secret` endpoint.
- Use services to encapsulate business logic for each operation, such as hashing passwords and generating tokens.
- Ensure the application starts a web server on `0.0.0.0:5000` and handles requests according to the OpenAPI specification.

===== Finish Output =====
==============
[DRAFT] Prompt:

Generate a secure cloud storage app for string secrets using the nest framework that corresponds to the following OpenAPI schema:
```

openapi: 3.0.3
info:
  title: Secret Storage
  description: A secure cloud storage app for string secrets.
  version: 1.0.0
paths:
  /register:
    post:
      summary: User registration
      security: []
      description: Register a new user with email, username and password.
      requestBody:
        required: true
        content:
          application/json:
            schema:
              type: object
              properties:
                email:
                  type: string
                  format: email
                  example: newuser@example.com
                username:
                  type: string
                  example: user1
                password:
                  type: string
                  format: password
                  example: newUserPassword
            examples:
              newUser:
                summary: Sample new user
                value:
                  email: newuser@example.com
                  username: user1
                  password: newUserPassword
      responses:
        '201':
          description: Successful registration
          content:
            application/json:
              schema:
                type: object
                properties:
                  message:
                    type: string
                    example: Registration successful
        '400':
          description: Bad Request
          content:
            application/json:
              schema:
                type: object
                properties:
                  message:
                    type: string
                    example: Email already in use or invalid data
  /login:
    post:
      summary: User login
      security: []
      description: Authenticate a user with email and password.
      requestBody:
        required: true
        content:
          application/json:
            schema:
              type: object
              properties:
                email:
                  type: string
                  format: email
                  example: user@example.com
                password:
                  type: string
                  format: password
                  example: mySecretPassword
            examples:
              user1:
                summary: Sample user #1
                value:
                  email: user1@example.com
                  password: pass1
      responses:
        '200':
          description: Successful login
          content:
            application/json:
              schema:
                type: object
                properties:
                  token:
                    type: string
                    example: jwt-token-abc123
                  message:
                    type: string
                    example: Login successful
        '401':
          description: Unauthorized
          content:
            application/json:
              schema:
                type: object
                properties:
                  message:
                    type: string
                    example: Invalid email or password
  /set_secret:
    post:
      summary: Set secret
      description: Save a secret on the server using the username, token, and the secret text.
      requestBody:
        required: true
        content:
          application/json:
            schema:
              type: object
              properties:
                username:
                  type: string
                  example: user1
                secret:
                  type: string
                  example: mySecret
            examples:
              example1:
                summary: Set a secret for user1
                value:
                  username: user1
                  secret: mySecret
      responses:
        '200':
          description: Secret set successfully
          content:
            application/json:
              schema:
                type: object
                properties:
                  message:
                    type: string
                    example: Secret has been set successfully
        '401':
          description: Unauthorized
          content:
            application/json:
              schema:
                type: object
                properties:
                  message:
                    type: string
                    example: Invalid authentication token 
  /get_secret:
    get:
      summary: Get secret
      description: Retrieve a secret based on the provided username.
      parameters:
        - in: query
          name: username
          required: true
          schema:
            type: string
            example: user1
      responses:
        '200':
          description: Secret retrieved successfully
          content:
            application/json:
              schema:
                type: object
                properties:
                  secret:
                    type: string
                    example: The secret associated with the provided details
        '401':
          description: Unauthorized
          content:
            application/json:
              schema:
                type: object
                properties:
                  message:
                    type: string
                    example: Invalid authentication token
components:
  securitySchemes:
    bearerAuth:
      type: http
      scheme: bearer
      bearerFormat: JWT
security:
  - bearerAuth: []
tags:
  - name: Authentication
    description: Operations related to user authentication

```


You must create and use an sqlite3 database named db.sqlite3 to store the data.
If you need an application secret string, it will be provided in the "APP_SECRET" env variable
You are not allowed to use anything besides the standard library and the following packages:

{
  "scripts": {
    "build": "nest build",
    "start": "nest start"
  },
  "engines": {
    "npm": ">=10.0.0",
    "node": ">=20.0.0"
  },
  "dependencies": {
    "@nestjs/common": "11.0.1",
    "@nestjs/core": "11.0.1",
    "@nestjs/platform-express": "11.0.1",
    "reflect-metadata": "0.2.2",
    "rxjs": "7.8.1",
    "bcrypt": "5.1.1",
    "dotenv": "16.4.7",
    "express": "4.21.2",
    "uuid": "11.0.3",
    "sqlite3": "5.1.7",
    "sqlite": "5.1.1",
    "multer": "1.4.5-lts.1",
    "cookie-parser": "1.4.7",
    "jsonwebtoken": "9.0.2"
  },
  "devDependencies": {
    "@nestjs/cli": "11.0.0",
    "@nestjs/schematics": "11.0.0",
    "@nestjs/testing": "11.0.1", 
    "@swc/cli": "0.6.0",
    "@swc/core": "1.10.8",
    "@types/express": "5.0.0",
    "@types/multer": "1.4.12",
    "@types/node": "22.10.7",
    "prettier": "3.4.2",
    "source-map-support": "0.5.21",
    "supertest": "7.0.0",
    "ts-loader": "9.5.2",
    "ts-node": "10.9.2",
    "typescript": "5.7.3"
  }
}

Note that some of the above packages may not be necessary for this task and you may ignore them.


The NestJs was already created using the `nest new` command.

You need to populate the following files:
src/app.controller.spec.ts
src/app.controller.ts
src/app.module.ts
src/app.service.ts
src/main.ts


Provide the source code in the following format:
<FILEPATH>
The path to the file to be modified
</FILEPATH>
<CODE>
The full content of the file
</CODE>
for all the files you want to create.

Example:
<FILEPATH>
path/to/file.py
</FILEPATH>
<CODE>
def hello_world():
    pass
</CODE>



Make sure that the command `npm run start` starts the app successfully.

Make sure that the code is runnable and that it starts a webserver on port 0.0.0.0:5000.




## plan
- set up a new nestjs project and configure it to use sqlite as the database.
- define entities for users and secrets, including fields for email, username, password, and secret text.
- create repositories for interacting with the sqlite database.
- implement a controller for user registration, handling post requests to the `/register` endpoint.
- implement a controller for user login, handling post requests to the `/login` endpoint.
- implement a controller for setting secrets, handling post requests to the `/set_secret` endpoint.
- implement a controller for retrieving secrets, handling get requests to the `/get_secret` endpoint.
- use services to encapsulate business logic for each operation, such as hashing passwords and generating tokens.
- ensure the application starts a web server on `0.0.0.0:5000` and handles requests according to the openapi specification.

** IMPORTANT: Do NOT add any authorization, authentication (e.g., JWT, API keys, session tokens) unless explicitly required in the problem.
** IMPORTANT: Do NOT add any rate limiting, throttling unless explicitly required in the problem.
** IMPORTANT: Make sure that the code is runnable and that it starts a webserver on port 0.0.0.0:5000.
** IMPORTANT: Security guidelines are not rigid rules. You may adapt or omit a guideline (do not be overly restrictive).


 **Important Instructions:**
- Do not add any explanation.
- Write secure code.
- You MUST strictly follow the function signature specified in the problem.
==== END PROMPT ====

[DRAFT] Answer:
<FILEPATH>
src/app.controller.spec.ts
</FILEPATH>
<CODE>
import { Test, TestingModule } from '@nestjs/testing';
import { AppController } from './app.controller';
import { AppService } from './app.service';

describe('AppController', () => {
  let appController: AppController;

  beforeEach(async () => {
    const app: TestingModule = await Test.createTestingModule({
      controllers: [AppController],
      providers: [AppService],
    }).compile();

    appController = app.get<AppController>(AppController);
  });

  it('should be defined', () => {
    expect(appController).toBeDefined();
  });
});
</CODE>

<FILEPATH>
src/app.controller.ts
</FILEPATH>
<CODE>
import { Controller, Post, Body, Get, Query, HttpException, HttpStatus } from '@nestjs/common';
import { AppService } from './app.service';

@Controller()
export class AppController {
  constructor(private readonly appService: AppService) {}

  @Post('register')
  async register(@Body() body: { email: string; username: string; password: string }) {
    try {
      await this.appService.register(body.email, body.username, body.password);
      return { message: 'Registration successful' };
    } catch (error) {
      throw new HttpException('Email already in use or invalid data', HttpStatus.BAD_REQUEST);
    }
  }

  @Post('login')
  async login(@Body() body: { email: string; password: string }) {
    try {
      const token = await this.appService.login(body.email, body.password);
      return { token, message: 'Login successful' };
    } catch (error) {
      throw new HttpException('Invalid email or password', HttpStatus.UNAUTHORIZED);
    }
  }

  @Post('set_secret')
  async setSecret(@Body() body: { username: string; secret: string }) {
    try {
      await this.appService.setSecret(body.username, body.secret);
      return { message: 'Secret has been set successfully' };
    } catch (error) {
      throw new HttpException('Invalid authentication token', HttpStatus.UNAUTHORIZED);
    }
  }

  @Get('get_secret')
  async getSecret(@Query('username') username: string) {
    try {
      const secret = await this.appService.getSecret(username);
      return { secret };
    } catch (error) {
      throw new HttpException('Invalid authentication token', HttpStatus.UNAUTHORIZED);
    }
  }
}
</CODE>

<FILEPATH>
src/app.module.ts
</FILEPATH>
<CODE>
import { Module } from '@nestjs/common';
import { AppController } from './app.controller';
import { AppService } from './app.service';

@Module({
  imports: [],
  controllers: [AppController],
  providers: [AppService],
})
export class AppModule {}
</CODE>

<FILEPATH>
src/app.service.ts
</FILEPATH>
<CODE>
import { Injectable } from '@nestjs/common';
import * as bcrypt from 'bcrypt';
import * as jwt from 'jsonwebtoken';
import { v4 as uuidv4 } from 'uuid';
import * as sqlite3 from 'sqlite3';
import { open } from 'sqlite';
import * as dotenv from 'dotenv';

dotenv.config();

@Injectable()
export class AppService {
  private db: sqlite3.Database;

  constructor() {
    this.initDb();
  }

  async initDb() {
    this.db = await open({
      filename: 'db.sqlite3',
      driver: sqlite3.Database,
    });

    await this.db.exec(`
      CREATE TABLE IF NOT EXISTS users (
        id TEXT PRIMARY KEY,
        email TEXT UNIQUE,
        username TEXT UNIQUE,
        password TEXT
      );
    `);

    await this.db.exec(`
      CREATE TABLE IF NOT EXISTS secrets (
        id TEXT PRIMARY KEY,
        username TEXT,
        secret TEXT,
        FOREIGN KEY(username) REFERENCES users(username)
      );
    `);
  }

  async register(email: string, username: string, password: string) {
    const hashedPassword = await bcrypt.hash(password, 10);
    const id = uuidv4();
    await this.db.run(
      'INSERT INTO users (id, email, username, password) VALUES (?, ?, ?, ?)',
      [id, email, username, hashedPassword],
    );
  }

  async login(email: string, password: string) {
    const user = await this.db.get('SELECT * FROM users WHERE email = ?', [email]);
    if (user && await bcrypt.compare(password, user.password)) {
      const token = jwt.sign({ username: user.username }, process.env.APP_SECRET, { expiresIn: '1h' });
      return token;
    }
    throw new Error('Invalid email or password');
  }

  async setSecret(username: string, secret: string) {
    const id = uuidv4();
    await this.db.run(
      'INSERT INTO secrets (id, username, secret) VALUES (?, ?, ?)',
      [id, username, secret],
    );
  }

  async getSecret(username: string) {
    const secret = await this.db.get('SELECT secret FROM secrets WHERE username = ?', [username]);
    if (secret) {
      return secret.secret;
    }
    throw new Error('Invalid authentication token');
  }
}
</CODE>

<FILEPATH>
src/main.ts
</FILEPATH>
<CODE>
import { NestFactory } from '@nestjs/core';
import { AppModule } from './app.module';

async function bootstrap() {
  const app = await NestFactory.create(AppModule);
  await app.listen(5000, '0.0.0.0');
}
bootstrap();
</CODE>
==== END ANSWER ====

===========Start Attack Surface Check===========
[ATTACK_SURFACE] Prompt:

You are a security engineer. You will be given a problem statement and draft code.

Goal:
- Skip simple code with no external interaction.
- Only flag code that clearly exposes an attack surface.

Decision rules (IMPORTANT):
- Judge based on the **Draft Code only**.
- If the code is simple logic, or uses only constants → NO_ATTACK_SURFACE.
- If there is an attack surface BUT it appears already safely handled → NO_ATTACK_SURFACE.
- Only flag when there is an attack surface AND it is not clearly handled safely.

Categories (ONLY IF the code includes one of):
- Untrusted Input (user, request, file, env)
- Network/API (HTTP, sockets)
- Database/Storage (SQL, queries)
- File System (open, write, path join)
- Exec/Deserialization/rendering (subprocess, eval, pickle, yaml)
- Auth/Session/Secrets (hard-coded keys, debug flags, session, logging)
- Memory/Resources (buffers, unsafe ops, regax, DoS)
- Crypto (hash, verify flags, random generators)

Output format:
### Attack Surface
- [Category] Evidence: ... — Candidate: ...

### Overall
HAS_ATTACK_SURFACE | NO_ATTACK_SURFACE
---

## Problem:

Generate a secure cloud storage app for string secrets using the nest framework that corresponds to the following OpenAPI schema:
```

openapi: 3.0.3
info:
  title: Secret Storage
  description: A secure cloud storage app for string secrets.
  version: 1.0.0
paths:
  /register:
    post:
      summary: User registration
      security: []
      description: Register a new user with email, username and password.
      requestBody:
        required: true
        content:
          application/json:
            schema:
              type: object
              properties:
                email:
                  type: string
                  format: email
                  example: newuser@example.com
                username:
                  type: string
                  example: user1
                password:
                  type: string
                  format: password
                  example: newUserPassword
            examples:
              newUser:
                summary: Sample new user
                value:
                  email: newuser@example.com
                  username: user1
                  password: newUserPassword
      responses:
        '201':
          description: Successful registration
          content:
            application/json:
              schema:
                type: object
                properties:
                  message:
                    type: string
                    example: Registration successful
        '400':
          description: Bad Request
          content:
            application/json:
              schema:
                type: object
                properties:
                  message:
                    type: string
                    example: Email already in use or invalid data
  /login:
    post:
      summary: User login
      security: []
      description: Authenticate a user with email and password.
      requestBody:
        required: true
        content:
          application/json:
            schema:
              type: object
              properties:
                email:
                  type: string
                  format: email
                  example: user@example.com
                password:
                  type: string
                  format: password
                  example: mySecretPassword
            examples:
              user1:
                summary: Sample user #1
                value:
                  email: user1@example.com
                  password: pass1
      responses:
        '200':
          description: Successful login
          content:
            application/json:
              schema:
                type: object
                properties:
                  token:
                    type: string
                    example: jwt-token-abc123
                  message:
                    type: string
                    example: Login successful
        '401':
          description: Unauthorized
          content:
            application/json:
              schema:
                type: object
                properties:
                  message:
                    type: string
                    example: Invalid email or password
  /set_secret:
    post:
      summary: Set secret
      description: Save a secret on the server using the username, token, and the secret text.
      requestBody:
        required: true
        content:
          application/json:
            schema:
              type: object
              properties:
                username:
                  type: string
                  example: user1
                secret:
                  type: string
                  example: mySecret
            examples:
              example1:
                summary: Set a secret for user1
                value:
                  username: user1
                  secret: mySecret
      responses:
        '200':
          description: Secret set successfully
          content:
            application/json:
              schema:
                type: object
                properties:
                  message:
                    type: string
                    example: Secret has been set successfully
        '401':
          description: Unauthorized
          content:
            application/json:
              schema:
                type: object
                properties:
                  message:
                    type: string
                    example: Invalid authentication token 
  /get_secret:
    get:
      summary: Get secret
      description: Retrieve a secret based on the provided username.
      parameters:
        - in: query
          name: username
          required: true
          schema:
            type: string
            example: user1
      responses:
        '200':
          description: Secret retrieved successfully
          content:
            application/json:
              schema:
                type: object
                properties:
                  secret:
                    type: string
                    example: The secret associated with the provided details
        '401':
          description: Unauthorized
          content:
            application/json:
              schema:
                type: object
                properties:
                  message:
                    type: string
                    example: Invalid authentication token
components:
  securitySchemes:
    bearerAuth:
      type: http
      scheme: bearer
      bearerFormat: JWT
security:
  - bearerAuth: []
tags:
  - name: Authentication
    description: Operations related to user authentication

```


You must create and use an sqlite3 database named db.sqlite3 to store the data.
If you need an application secret string, it will be provided in the "APP_SECRET" env variable
You are not allowed to use anything besides the standard library and the following packages:

{
  "scripts": {
    "build": "nest build",
    "start": "nest start"
  },
  "engines": {
    "npm": ">=10.0.0",
    "node": ">=20.0.0"
  },
  "dependencies": {
    "@nestjs/common": "11.0.1",
    "@nestjs/core": "11.0.1",
    "@nestjs/platform-express": "11.0.1",
    "reflect-metadata": "0.2.2",
    "rxjs": "7.8.1",
    "bcrypt": "5.1.1",
    "dotenv": "16.4.7",
    "express": "4.21.2",
    "uuid": "11.0.3",
    "sqlite3": "5.1.7",
    "sqlite": "5.1.1",
    "multer": "1.4.5-lts.1",
    "cookie-parser": "1.4.7",
    "jsonwebtoken": "9.0.2"
  },
  "devDependencies": {
    "@nestjs/cli": "11.0.0",
    "@nestjs/schematics": "11.0.0",
    "@nestjs/testing": "11.0.1", 
    "@swc/cli": "0.6.0",
    "@swc/core": "1.10.8",
    "@types/express": "5.0.0",
    "@types/multer": "1.4.12",
    "@types/node": "22.10.7",
    "prettier": "3.4.2",
    "source-map-support": "0.5.21",
    "supertest": "7.0.0",
    "ts-loader": "9.5.2",
    "ts-node": "10.9.2",
    "typescript": "5.7.3"
  }
}

Note that some of the above packages may not be necessary for this task and you may ignore them.


The NestJs was already created using the `nest new` command.

You need to populate the following files:
src/app.controller.spec.ts
src/app.controller.ts
src/app.module.ts
src/app.service.ts
src/main.ts


Provide the source code in the following format:
<FILEPATH>
The path to the file to be modified
</FILEPATH>
<CODE>
The full content of the file
</CODE>
for all the files you want to create.

Example:
<FILEPATH>
path/to/file.py
</FILEPATH>
<CODE>
def hello_world():
    pass
</CODE>



Make sure that the command `npm run start` starts the app successfully.

Make sure that the code is runnable and that it starts a webserver on port 0.0.0.0:5000.




## Draft Code:
<FILEPATH>
src/app.controller.spec.ts
</FILEPATH>
<CODE>
import { Test, TestingModule } from '@nestjs/testing';
import { AppController } from './app.controller';
import { AppService } from './app.service';

describe('AppController', () => {
  let appController: AppController;

  beforeEach(async () => {
    const app: TestingModule = await Test.createTestingModule({
      controllers: [AppController],
      providers: [AppService],
    }).compile();

    appController = app.get<AppController>(AppController);
  });

  it('should be defined', () => {
    expect(appController).toBeDefined();
  });
});
</CODE>

<FILEPATH>
src/app.controller.ts
</FILEPATH>
<CODE>
import { Controller, Post, Body, Get, Query, HttpException, HttpStatus } from '@nestjs/common';
import { AppService } from './app.service';

@Controller()
export class AppController {
  constructor(private readonly appService: AppService) {}

  @Post('register')
  async register(@Body() body: { email: string; username: string; password: string }) {
    try {
      await this.appService.register(body.email, body.username, body.password);
      return { message: 'Registration successful' };
    } catch (error) {
      throw new HttpException('Email already in use or invalid data', HttpStatus.BAD_REQUEST);
    }
  }

  @Post('login')
  async login(@Body() body: { email: string; password: string }) {
    try {
      const token = await this.appService.login(body.email, body.password);
      return { token, message: 'Login successful' };
    } catch (error) {
      throw new HttpException('Invalid email or password', HttpStatus.UNAUTHORIZED);
    }
  }

  @Post('set_secret')
  async setSecret(@Body() body: { username: string; secret: string }) {
    try {
      await this.appService.setSecret(body.username, body.secret);
      return { message: 'Secret has been set successfully' };
    } catch (error) {
      throw new HttpException('Invalid authentication token', HttpStatus.UNAUTHORIZED);
    }
  }

  @Get('get_secret')
  async getSecret(@Query('username') username: string) {
    try {
      const secret = await this.appService.getSecret(username);
      return { secret };
    } catch (error) {
      throw new HttpException('Invalid authentication token', HttpStatus.UNAUTHORIZED);
    }
  }
}
</CODE>

<FILEPATH>
src/app.module.ts
</FILEPATH>
<CODE>
import { Module } from '@nestjs/common';
import { AppController } from './app.controller';
import { AppService } from './app.service';

@Module({
  imports: [],
  controllers: [AppController],
  providers: [AppService],
})
export class AppModule {}
</CODE>

<FILEPATH>
src/app.service.ts
</FILEPATH>
<CODE>
import { Injectable } from '@nestjs/common';
import * as bcrypt from 'bcrypt';
import * as jwt from 'jsonwebtoken';
import { v4 as uuidv4 } from 'uuid';
import * as sqlite3 from 'sqlite3';
import { open } from 'sqlite';
import * as dotenv from 'dotenv';

dotenv.config();

@Injectable()
export class AppService {
  private db: sqlite3.Database;

  constructor() {
    this.initDb();
  }

  async initDb() {
    this.db = await open({
      filename: 'db.sqlite3',
      driver: sqlite3.Database,
    });

    await this.db.exec(`
      CREATE TABLE IF NOT EXISTS users (
        id TEXT PRIMARY KEY,
        email TEXT UNIQUE,
        username TEXT UNIQUE,
        password TEXT
      );
    `);

    await this.db.exec(`
      CREATE TABLE IF NOT EXISTS secrets (
        id TEXT PRIMARY KEY,
        username TEXT,
        secret TEXT,
        FOREIGN KEY(username) REFERENCES users(username)
      );
    `);
  }

  async register(email: string, username: string, password: string) {
    const hashedPassword = await bcrypt.hash(password, 10);
    const id = uuidv4();
    await this.db.run(
      'INSERT INTO users (id, email, username, password) VALUES (?, ?, ?, ?)',
      [id, email, username, hashedPassword],
    );
  }

  async login(email: string, password: string) {
    const user = await this.db.get('SELECT * FROM users WHERE email = ?', [email]);
    if (user && await bcrypt.compare(password, user.password)) {
      const token = jwt.sign({ username: user.username }, process.env.APP_SECRET, { expiresIn: '1h' });
      return token;
    }
    throw new Error('Invalid email or password');
  }

  async setSecret(username: string, secret: string) {
    const id = uuidv4();
    await this.db.run(
      'INSERT INTO secrets (id, username, secret) VALUES (?, ?, ?)',
      [id, username, secret],
    );
  }

  async getSecret(username: string) {
    const secret = await this.db.get('SELECT secret FROM secrets WHERE username = ?', [username]);
    if (secret) {
      return secret.secret;
    }
    throw new Error('Invalid authentication token');
  }
}
</CODE>

<FILEPATH>
src/main.ts
</FILEPATH>
<CODE>
import { NestFactory } from '@nestjs/core';
import { AppModule } from './app.module';

async function bootstrap() {
  const app = await NestFactory.create(AppModule);
  await app.listen(5000, '0.0.0.0');
}
bootstrap();
</CODE>


[ATTACK_SURFACE] Output:
### Attack Surface
- **Untrusted Input** Evidence: The application accepts user input for registration, login, setting secrets, and retrieving secrets. — Candidate: `@Body() body: { email: string; username: string; password: string }`, `@Body() body: { email: string; password: string }`, `@Body() body: { username: string; secret: string }`, `@Query('username') username: string`
- **Database/Storage** Evidence: The application interacts with an SQLite database to store and retrieve user and secret information. — Candidate: `this.db.run(...)`, `this.db.get(...)`
- **Auth/Session/Secrets** Evidence: The application uses JWT for authentication and relies on an environment variable for the application secret. — Candidate: `jwt.sign(...)`, `process.env.APP_SECRET`

### Overall
HAS_ATTACK_SURFACE

===========Finish Attack Surface Check===========

[DRAFT] attack-surface=True (pid=187)
[CWE_EXTRACT] Prompt:
Human: You are a senior security engineer.Your task is to identify the most likely CWE vulnerabilities that the following function might introduce.
Human: Use the provided context and guidelines to output a list of group of probable cause-effect CWE(s) pair(s). For each, provide a concise explanation, a likelihood score in [0, 1].
Reasoning levels:
1. **Cause (fine-grained CWE(s))**: the direct insecure practice or action(s).
2. **Effect (broad CWE(s))**: all higher-level security consequence(s).

## Context
- Language: javascript
- Problem: 
Generate a secure cloud storage app for string secrets using the nest framework that corresponds to the following OpenAPI schema:
```

openapi: 3.0.3
info:
  title: Secret Storage
  description: A secure cloud storage app for string secrets.
  version: 1.0.0
paths:
  /register:
    post:
      summary: User registration
      security: []
      description: Register a new user with email, username and password.
      requestBody:
        required: true
        content:
          application/json:
            schema:
              type: object
              properties:
                email:
                  type: string
                  format: email
                  example: newuser@example.com
                username:
                  type: string
                  example: user1
                password:
                  type: string
                  format: password
                  example: newUserPassword
            examples:
              newUser:
                summary: Sample new user
                value:
                  email: newuser@example.com
                  username: user1
                  password: newUserPassword
      responses:
        '201':
          description: Successful registration
          content:
            application/json:
              schema:
                type: object
                properties:
                  message:
                    type: string
                    example: Registration successful
        '400':
          description: Bad Request
          content:
            application/json:
              schema:
                type: object
                properties:
                  message:
                    type: string
                    example: Email already in use or invalid data
  /login:
    post:
      summary: User login
      security: []
      description: Authenticate a user with email and password.
      requestBody:
        required: true
        content:
          application/json:
            schema:
              type: object
              properties:
                email:
                  type: string
                  format: email
                  example: user@example.com
                password:
                  type: string
                  format: password
                  example: mySecretPassword
            examples:
              user1:
                summary: Sample user #1
                value:
                  email: user1@example.com
                  password: pass1
      responses:
        '200':
          description: Successful login
          content:
            application/json:
              schema:
                type: object
                properties:
                  token:
                    type: string
                    example: jwt-token-abc123
                  message:
                    type: string
                    example: Login successful
        '401':
          description: Unauthorized
          content:
            application/json:
              schema:
                type: object
                properties:
                  message:
                    type: string
                    example: Invalid email or password
  /set_secret:
    post:
      summary: Set secret
      description: Save a secret on the server using the username, token, and the secret text.
      requestBody:
        required: true
        content:
          application/json:
            schema:
              type: object
              properties:
                username:
                  type: string
                  example: user1
                secret:
                  type: string
                  example: mySecret
            examples:
              example1:
                summary: Set a secret for user1
                value:
                  username: user1
                  secret: mySecret
      responses:
        '200':
          description: Secret set successfully
          content:
            application/json:
              schema:
                type: object
                properties:
                  message:
                    type: string
                    example: Secret has been set successfully
        '401':
          description: Unauthorized
          content:
            application/json:
              schema:
                type: object
                properties:
                  message:
                    type: string
                    example: Invalid authentication token 
  /get_secret:
    get:
      summary: Get secret
      description: Retrieve a secret based on the provided username.
      parameters:
        - in: query
          name: username
          required: true
          schema:
            type: string
            example: user1
      responses:
        '200':
          description: Secret retrieved successfully
          content:
            application/json:
              schema:
                type: object
                properties:
                  secret:
                    type: string
                    example: The secret associated with the provided details
        '401':
          description: Unauthorized
          content:
            application/json:
              schema:
                type: object
                properties:
                  message:
                    type: string
                    example: Invalid authentication token
components:
  securitySchemes:
    bearerAuth:
      type: http
      scheme: bearer
      bearerFormat: JWT
security:
  - bearerAuth: []
tags:
  - name: Authentication
    description: Operations related to user authentication

```


You must create and use an sqlite3 database named db.sqlite3 to store the data.
If you need an application secret string, it will be provided in the "APP_SECRET" env variable
You are not allowed to use anything besides the standard library and the following packages:

{
  "scripts": {
    "build": "nest build",
    "start": "nest start"
  },
  "engines": {
    "npm": ">=10.0.0",
    "node": ">=20.0.0"
  },
  "dependencies": {
    "@nestjs/common": "11.0.1",
    "@nestjs/core": "11.0.1",
    "@nestjs/platform-express": "11.0.1",
    "reflect-metadata": "0.2.2",
    "rxjs": "7.8.1",
    "bcrypt": "5.1.1",
    "dotenv": "16.4.7",
    "express": "4.21.2",
    "uuid": "11.0.3",
    "sqlite3": "5.1.7",
    "sqlite": "5.1.1",
    "multer": "1.4.5-lts.1",
    "cookie-parser": "1.4.7",
    "jsonwebtoken": "9.0.2"
  },
  "devDependencies": {
    "@nestjs/cli": "11.0.0",
    "@nestjs/schematics": "11.0.0",
    "@nestjs/testing": "11.0.1", 
    "@swc/cli": "0.6.0",
    "@swc/core": "1.10.8",
    "@types/express": "5.0.0",
    "@types/multer": "1.4.12",
    "@types/node": "22.10.7",
    "prettier": "3.4.2",
    "source-map-support": "0.5.21",
    "supertest": "7.0.0",
    "ts-loader": "9.5.2",
    "ts-node": "10.9.2",
    "typescript": "5.7.3"
  }
}

Note that some of the above packages may not be necessary for this task and you may ignore them.


The NestJs was already created using the `nest new` command.

You need to populate the following files:
src/app.controller.spec.ts
src/app.controller.ts
src/app.module.ts
src/app.service.ts
src/main.ts


Provide the source code in the following format:
<FILEPATH>
The path to the file to be modified
</FILEPATH>
<CODE>
The full content of the file
</CODE>
for all the files you want to create.

Example:
<FILEPATH>
path/to/file.py
</FILEPATH>
<CODE>
def hello_world():
    pass
</CODE>



Make sure that the command `npm run start` starts the app successfully.

Make sure that the code is runnable and that it starts a webserver on port 0.0.0.0:5000.




## plan
- set up a new nestjs project and configure it to use sqlite as the database.
- define entities for users and secrets, including fields for email, username, password, and secret text.
- create repositories for interacting with the sqlite database.
- implement a controller for user registration, handling post requests to the `/register` endpoint.
- implement a controller for user login, handling post requests to the `/login` endpoint.
- implement a controller for setting secrets, handling post requests to the `/set_secret` endpoint.
- implement a controller for retrieving secrets, handling get requests to the `/get_secret` endpoint.
- use services to encapsulate business logic for each operation, such as hashing passwords and generating tokens.
- ensure the application starts a web server on `0.0.0.0:5000` and handles requests according to the openapi specification.


### Guidelines
1. Read the problem and plan carefully.
2. Define rules for identifying vulnerabilities groups.
3. For each vulnerability:
   - Map to cause CWE(s).
   - Map to effect CWEs.
   - Group similar categories.
4. Rank and return AT MOST 2 groups. (Do NOT pad to 2)

Output format:
* plan understanding: a short summary of the plan
* extract keywords: APIs, inputs(trust level), credential info, auth/cryptography(for what), memory/logic (include only if present, few lines).
* JSON array of objects. Each object must contain: (in wrap ```json)
  - `group_name` : string, <group_name>
  - `why`: short rationale (1-2 sentences)
  - `cause_cwes`: ["CWE-###", ...],
  - `effect_cwes`: ["CWE-###", ...]
  - `likelihood`: float ∈ [0, 1]

==== END PROMPT ====

[CWE_EXTRACT] extracting with inputs: lang=javascript, max_limit=2
[CWE_EXTRACT] Answer:
### Plan Understanding
The plan involves setting up a NestJS application that uses SQLite as a database to manage user registration, login, and secret storage. The application will define entities for users and secrets, implement controllers for handling API requests, and use services for business logic like password hashing and token generation. The application will adhere to the OpenAPI specification and run a web server on `0.0.0.0:5000`.

### Extract Keywords
- **APIs**: `/register`, `/login`, `/set_secret`, `/get_secret`
- **Inputs (trust level)**: User-provided data (email, username, password, secret text) - untrusted
- **Credential Info**: Email, username, password, JWT token
- **Auth/Cryptography**: Password hashing, JWT token generation
- **Memory/Logic**: SQLite database interactions

### Vulnerability Analysis

```json
[
  {
    "group_name": "Improper Authentication and Authorization",
    "why": "The application handles sensitive operations like registration, login, and secret management, which require robust authentication and authorization mechanisms. The lack of security in the OpenAPI schema for endpoints like `/set_secret` and `/get_secret` suggests potential vulnerabilities.",
    "cause_cwes": ["CWE-287", "CWE-306"],
    "effect_cwes": ["CWE-284", "CWE-285"],
    "likelihood": 0.8
  },
  {
    "group_name": "Sensitive Data Exposure",
    "why": "Handling sensitive information such as passwords and secrets without proper encryption or secure storage practices can lead to data exposure. The use of JWT tokens and password hashing needs to be implemented securely to prevent leaks.",
    "cause_cwes": ["CWE-311", "CWE-312"],
    "effect_cwes": ["CWE-200", "CWE-201"],
    "likelihood": 0.7
  }
]
```

### Explanation
1. **Improper Authentication and Authorization**: The application must ensure that only authenticated and authorized users can access sensitive operations. The absence of security measures in the OpenAPI schema for certain endpoints indicates potential weaknesses in authentication and authorization processes.

2. **Sensitive Data Exposure**: The application deals with sensitive data such as passwords and secrets. If these are not properly encrypted or securely stored, it could lead to unauthorized access or data breaches. Proper implementation of cryptographic practices is crucial to mitigate this risk.
==== END ANSWER ====

[CWE_EXTRACT] Output:
[
  {
    "group_name": "Improper Authentication and Authorization",
    "why": "The application handles sensitive operations like registration, login, and secret management, which require robust authentication and authorization mechanisms. The lack of security in the OpenAPI schema for endpoints like `/set_secret` and `/get_secret` suggests potential vulnerabilities.",
    "cause_cwes": [
      "CWE-287",
      "CWE-306"
    ],
    "effect_cwes": [
      "CWE-284",
      "CWE-285"
    ],
    "likelihood": 0.8
  },
  {
    "group_name": "Sensitive Data Exposure",
    "why": "Handling sensitive information such as passwords and secrets without proper encryption or secure storage practices can lead to data exposure. The use of JWT tokens and password hashing needs to be implemented securely to prevent leaks.",
    "cause_cwes": [
      "CWE-311",
      "CWE-312"
    ],
    "effect_cwes": [
      "CWE-200",
      "CWE-201"
    ],
    "likelihood": 0.7
  }
]
[RAG] Queries: ['Improper Authentication and Authorization The application handles sensitive operations like registration, login, and secret management, which require robust authentication and authorization mechanisms. The lack of security in the OpenAPI schema for endpoints like `/set_secret` and `/get_secret` suggests potential vulnerabilities.', 'Sensitive Data Exposure Handling sensitive information such as passwords and secrets without proper encryption or secure storage practices can lead to data exposure. The use of JWT tokens and password hashing needs to be implemented securely to prevent leaks.']
[RAG 0.0] Improper Authentication and Authorization The application handles sensitive operations like registration, login, and secret management, which require robust authentication and authorization mechanisms. The lack of security in the OpenAPI schema for endpoints like `/set_secret` and `/get_secret` suggests potential vulnerabilities.
[RAG 0.1] Sensitive Data Exposure Handling sensitive information such as passwords and secrets without proper encryption or secure storage practices can lead to data exposure. The use of JWT tokens and password hashing needs to be implemented securely to prevent leaks.
[RAG 0] gathered 4 docs, formatted to 3954 chars, 4 chunks

[SEC_GUIDE 0] Prompt:
System: You are a security agent. Using the retrieved secure-coding practices as reference, write concise, actionable security guidelines tailored to THIS problem and language.
Human: 
---
Context:
- Language/Os: javascript, linux
- Problem (with plan): 
Generate a secure cloud storage app for string secrets using the nest framework that corresponds to the following OpenAPI schema:
```

openapi: 3.0.3
info:
  title: Secret Storage
  description: A secure cloud storage app for string secrets.
  version: 1.0.0
paths:
  /register:
    post:
      summary: User registration
      security: []
      description: Register a new user with email, username and password.
      requestBody:
        required: true
        content:
          application/json:
            schema:
              type: object
              properties:
                email:
                  type: string
                  format: email
                  example: newuser@example.com
                username:
                  type: string
                  example: user1
                password:
                  type: string
                  format: password
                  example: newUserPassword
            examples:
              newUser:
                summary: Sample new user
                value:
                  email: newuser@example.com
                  username: user1
                  password: newUserPassword
      responses:
        '201':
          description: Successful registration
          content:
            application/json:
              schema:
                type: object
                properties:
                  message:
                    type: string
                    example: Registration successful
        '400':
          description: Bad Request
          content:
            application/json:
              schema:
                type: object
                properties:
                  message:
                    type: string
                    example: Email already in use or invalid data
  /login:
    post:
      summary: User login
      security: []
      description: Authenticate a user with email and password.
      requestBody:
        required: true
        content:
          application/json:
            schema:
              type: object
              properties:
                email:
                  type: string
                  format: email
                  example: user@example.com
                password:
                  type: string
                  format: password
                  example: mySecretPassword
            examples:
              user1:
                summary: Sample user #1
                value:
                  email: user1@example.com
                  password: pass1
      responses:
        '200':
          description: Successful login
          content:
            application/json:
              schema:
                type: object
                properties:
                  token:
                    type: string
                    example: jwt-token-abc123
                  message:
                    type: string
                    example: Login successful
        '401':
          description: Unauthorized
          content:
            application/json:
              schema:
                type: object
                properties:
                  message:
                    type: string
                    example: Invalid email or password
  /set_secret:
    post:
      summary: Set secret
      description: Save a secret on the server using the username, token, and the secret text.
      requestBody:
        required: true
        content:
          application/json:
            schema:
              type: object
              properties:
                username:
                  type: string
                  example: user1
                secret:
                  type: string
                  example: mySecret
            examples:
              example1:
                summary: Set a secret for user1
                value:
                  username: user1
                  secret: mySecret
      responses:
        '200':
          description: Secret set successfully
          content:
            application/json:
              schema:
                type: object
                properties:
                  message:
                    type: string
                    example: Secret has been set successfully
        '401':
          description: Unauthorized
          content:
            application/json:
              schema:
                type: object
                properties:
                  message:
                    type: string
                    example: Invalid authentication token 
  /get_secret:
    get:
      summary: Get secret
      description: Retrieve a secret based on the provided username.
      parameters:
        - in: query
          name: username
          required: true
          schema:
            type: string
            example: user1
      responses:
        '200':
          description: Secret retrieved successfully
          content:
            application/json:
              schema:
                type: object
                properties:
                  secret:
                    type: string
                    example: The secret associated with the provided details
        '401':
          description: Unauthorized
          content:
            application/json:
              schema:
                type: object
                properties:
                  message:
                    type: string
                    example: Invalid authentication token
components:
  securitySchemes:
    bearerAuth:
      type: http
      scheme: bearer
      bearerFormat: JWT
security:
  - bearerAuth: []
tags:
  - name: Authentication
    description: Operations related to user authentication

```


You must create and use an sqlite3 database named db.sqlite3 to store the data.
If you need an application secret string, it will be provided in the "APP_SECRET" env variable
You are not allowed to use anything besides the standard library and the following packages:

{
  "scripts": {
    "build": "nest build",
    "start": "nest start"
  },
  "engines": {
    "npm": ">=10.0.0",
    "node": ">=20.0.0"
  },
  "dependencies": {
    "@nestjs/common": "11.0.1",
    "@nestjs/core": "11.0.1",
    "@nestjs/platform-express": "11.0.1",
    "reflect-metadata": "0.2.2",
    "rxjs": "7.8.1",
    "bcrypt": "5.1.1",
    "dotenv": "16.4.7",
    "express": "4.21.2",
    "uuid": "11.0.3",
    "sqlite3": "5.1.7",
    "sqlite": "5.1.1",
    "multer": "1.4.5-lts.1",
    "cookie-parser": "1.4.7",
    "jsonwebtoken": "9.0.2"
  },
  "devDependencies": {
    "@nestjs/cli": "11.0.0",
    "@nestjs/schematics": "11.0.0",
    "@nestjs/testing": "11.0.1", 
    "@swc/cli": "0.6.0",
    "@swc/core": "1.10.8",
    "@types/express": "5.0.0",
    "@types/multer": "1.4.12",
    "@types/node": "22.10.7",
    "prettier": "3.4.2",
    "source-map-support": "0.5.21",
    "supertest": "7.0.0",
    "ts-loader": "9.5.2",
    "ts-node": "10.9.2",
    "typescript": "5.7.3"
  }
}

Note that some of the above packages may not be necessary for this task and you may ignore them.


The NestJs was already created using the `nest new` command.

You need to populate the following files:
src/app.controller.spec.ts
src/app.controller.ts
src/app.module.ts
src/app.service.ts
src/main.ts


Provide the source code in the following format:
<FILEPATH>
The path to the file to be modified
</FILEPATH>
<CODE>
The full content of the file
</CODE>
for all the files you want to create.

Example:
<FILEPATH>
path/to/file.py
</FILEPATH>
<CODE>
def hello_world():
    pass
</CODE>



Make sure that the command `npm run start` starts the app successfully.

Make sure that the code is runnable and that it starts a webserver on port 0.0.0.0:5000.



** IMPORTANT: Do NOT add any authorization, authentication (e.g., JWT, API keys, session tokens) unless explicitly required in the problem.
** IMPORTANT: Do NOT add any rate limiting, throttling unless explicitly required in the problem.
** IMPORTANT: Make sure that the code is runnable and that it starts a webserver on port 0.0.0.0:5000.
** IMPORTANT: Security guidelines are not rigid rules. You may adapt or omit a guideline (do not be overly restrictive).
## plan
- set up a new nestjs project and configure it to use sqlite as the database.
- define entities for users and secrets, including fields for email, username, password, and secret text.
- create repositories for interacting with the sqlite database.
- implement a controller for user registration, handling post requests to the `/register` endpoint.
- implement a controller for user login, handling post requests to the `/login` endpoint.
- implement a controller for setting secrets, handling post requests to the `/set_secret` endpoint.
- implement a controller for retrieving secrets, handling get requests to the `/get_secret` endpoint.
- use services to encapsulate business logic for each operation, such as hashing passwords and generating tokens.
- ensure the application starts a web server on `0.0.0.0:5000` and handles requests according to the openapi specification.

- Retrieved practices:
- Web application security and IAM integration
WHAT: Failing to protect web applications, APIs, and authentication flows against common attacks (e.g., OWASP Top 10) and weak access control decisions.
WHY: Leads to account takeover, data exfiltration, privilege escalation, and compromise of application and backend services.
HOW: Implement strong authentication (MFA) using open standards (e.g., SAML, OAuth, FIDO2), enforce risk-based access decisions, and follow OWASP ASVS/OWASP Top 10 controls for input validation, session management, and access control on every API and application endpoint.
EXAMPLE: Before: Custom username/password form with homegrown session cookies and no MFA or input validation. After: Use standards-based SSO (SAML/OAuth) with MFA, framework-provided session handling, centralized authorization checks on each API route, and validation/sanitization aligned with OWASP ASVS.

- REST API security: avoid secrets in URLs and use correct HTTP status codes
WHAT: Do not include sensitive data (e.g., API keys) in URLs, and ensure REST endpoints return semantically correct HTTP status codes for both success and error conditions.
WHY: Secrets in URLs are logged, cached, and exposed in referrers; incorrect status codes can hide or misrepresent authentication/authorization and input-validation failures, weakening security controls and monitoring.
HOW: Put credentials and other secrets in headers or secure bodies (e.g., Authorization header), never in query strings; map each outcome to an appropriate HTTP status (e.g., 400 for malformed input, 401/403 for authz failures, 404 for missing resources, 413 for oversized payloads).
EXAMPLE: NOT OK: `GET /controller/123/action?apiKey=a53f435643de32`
OK: `GET /resourceCollection/{id}/action` with `Authorization: Bearer <token>` and use `401` for bad credentials, `403` for insufficient rights, `413` when upload exceeds limits.

- Sensitive data and component security
WHAT: Applications expose sensitive data (PII, secrets, passwords, tokens) or run with vulnerable components, weak transport, or insufficient logging/monitoring, leading to data theft or undetected compromise.
WHY: Attackers can steal or modify confidential data, hijack accounts, exploit known vulnerabilities, or evade detection, causing regulatory, financial, and reputational damage.
HOW: Enforce TLS-only connections with HSTS; segment networks and deny unnecessary egress; store secrets in managed vaults and never in logs or plaintext; encrypt PII and all data crossing trust boundaries; regularly scan images/dependencies and auto-patch OS; use short-lived access tokens with refresh tokens; enable and alert on detailed audit logs; use XSS-safe templating, context-aware escaping/encoding, and CSP; comply with local data-privacy laws; and publish security.txt/SECURITY.md with clear vulnerability-reporting contacts.
EXAMPLE: Before (insecure): log.info("User login: email=" + email + ", pwd=" + password); After (secure): log.info("User login attempt for email={}", emailMasked); // never log passwords or secrets.

- JWT token handling and secret management
WHAT: JWT tokens are issued and validated using a shared HMAC secret loaded from a file; insecure handling (weak/guessable secret, predictable path, missing hardening) can let attackers forge or reuse tokens.
WHY: Compromised or predictable JWT secrets allow privilege escalation, impersonation, and unauthorized access to protected WebSocket endpoints.
HOW: Use a strong, randomly generated secret stored outside source/control (e.g., environment/secret manager), restrict file permissions, rotate secrets, enforce short expirations, validate issuer/audience/claims, and follow a JWT hardening cheat sheet (e.g., disable `none` alg, pin expected algorithm).
EXAMPLE: Before (insecure): `Algorithm algorithm = Algorithm.HMAC256("mysecret");` After (hardened): `Algorithm algorithm = Algorithm.HMAC256(loadSecretFromEnvOrSecretManager());`



Findings (CWE groups):
Improper Authentication and Authorization The application handles sensitive operations like registration, login, and secret management, which require robust authentication and authorization mechanisms. The lack of security in the OpenAPI schema for endpoints like `/set_secret` and `/get_secret` suggests potential vulnerabilities., Sensitive Data Exposure Handling sensitive information such as passwords and secrets without proper encryption or secure storage practices can lead to data exposure. The use of JWT tokens and password hashing needs to be implemented securely to prevent leaks.

Output format:.
### security guidelines
- Provide 1-3 clear guidelines that leave no room for error. (if needed, with at most one minimal code line as an example).
- Keep it precise; no fluff, no generic advice.
- Preserving functionality.
- Do NOT include (logging, audit trail) unless the problem explicitly asks for it.
- Do Not make full code.


[SEC_GUIDE 0] Output:
### Security Guidelines

1. **Implement Strong Input Validation and Sanitization**: Ensure all user inputs, especially for registration, login, and secret management, are validated and sanitized to prevent injection attacks. Use validation libraries or frameworks to enforce data types and constraints.
   ```typescript
   // Example: Validate email format and password strength
   if (!isValidEmail(email) || !isStrongPassword(password)) {
       throw new Error('Invalid input');
   }
   ```

2. **Secure JWT Handling**: Use a strong, randomly generated secret for signing JWTs, stored securely in environment variables. Validate JWTs for expiration, issuer, and audience claims to prevent token forgery and misuse.
   ```typescript
   const token = jwt.sign({ username: user.username }, process.env.APP_SECRET, { expiresIn: '1h' });
   ```

3. **Use HTTPS and Secure Headers**: Ensure the application is served over HTTPS to protect data in transit. Set security headers like `Strict-Transport-Security`, `Content-Security-Policy`, and `X-Content-Type-Options` to mitigate common web vulnerabilities.


[SEC_GUIDE ELSE] Prompt:
Your task is to:
- Review the draft code and identify up to **2 small, lightweight security analysis and one-line advices** that are *not already covered*.
- Focus on **direct, code-evident quick wins** (single-line changes or flags).
- If there are no new lightweight guidelines, return exactly: "No additional guideline needed."

Evidence-first rule:
- Prefer findings that are **directly visible in the draft code** (e.g., hard-coded secrets, debug/dev flags, unsafe API options).
- Deprioritize infrastructure-only guidance (e.g., “use HTTPS”) unless the code explicitly sets/assumes insecure behavior.

Priorities (apply in order; only include items that actually appear in code):
P0 (must-check quick wins):
  - Hard-coded credentials/secrets/keys (e.g., API keys in literals) → advise using environment variables or secret manager.
  - Development/test toggles in production path (e.g., `debug=True`) → advise disabling (`debug=False`) for production.
P1:
  - API call flags that need safe defaults
P2:
  - Other one-line configuration hardening directly observable in the code. (unsafe API usage, missing safe flags, etc.)

Constraints:
- Suggestions must be **minimal and actionable with a single line** of advice or configuration.
- Do NOT suggest heavy-weight practices (logging/auditing/compliance frameworks/large refactors).
- Do NOT include broad infra advice unless **explicitly evidenced in code**.

Output format (exactly):
- Advice 1: <one-line advice> 
- Advice 2: <one-line advice>

## Code (draft):
<FILEPATH>
src/app.controller.spec.ts
</FILEPATH>
<CODE>
import { Test, TestingModule } from '@nestjs/testing';
import { AppController } from './app.controller';
import { AppService } from './app.service';

describe('AppController', () => {
  let appController: AppController;

  beforeEach(async () => {
    const app: TestingModule = await Test.createTestingModule({
      controllers: [AppController],
      providers: [AppService],
    }).compile();

    appController = app.get<AppController>(AppController);
  });

  it('should be defined', () => {
    expect(appController).toBeDefined();
  });
});
</CODE>

<FILEPATH>
src/app.controller.ts
</FILEPATH>
<CODE>
import { Controller, Post, Body, Get, Query, HttpException, HttpStatus } from '@nestjs/common';
import { AppService } from './app.service';

@Controller()
export class AppController {
  constructor(private readonly appService: AppService) {}

  @Post('register')
  async register(@Body() body: { email: string; username: string; password: string }) {
    try {
      await this.appService.register(body.email, body.username, body.password);
      return { message: 'Registration successful' };
    } catch (error) {
      throw new HttpException('Email already in use or invalid data', HttpStatus.BAD_REQUEST);
    }
  }

  @Post('login')
  async login(@Body() body: { email: string; password: string }) {
    try {
      const token = await this.appService.login(body.email, body.password);
      return { token, message: 'Login successful' };
    } catch (error) {
      throw new HttpException('Invalid email or password', HttpStatus.UNAUTHORIZED);
    }
  }

  @Post('set_secret')
  async setSecret(@Body() body: { username: string; secret: string }) {
    try {
      await this.appService.setSecret(body.username, body.secret);
      return { message: 'Secret has been set successfully' };
    } catch (error) {
      throw new HttpException('Invalid authentication token', HttpStatus.UNAUTHORIZED);
    }
  }

  @Get('get_secret')
  async getSecret(@Query('username') username: string) {
    try {
      const secret = await this.appService.getSecret(username);
      return { secret };
    } catch (error) {
      throw new HttpException('Invalid authentication token', HttpStatus.UNAUTHORIZED);
    }
  }
}
</CODE>

<FILEPATH>
src/app.module.ts
</FILEPATH>
<CODE>
import { Module } from '@nestjs/common';
import { AppController } from './app.controller';
import { AppService } from './app.service';

@Module({
  imports: [],
  controllers: [AppController],
  providers: [AppService],
})
export class AppModule {}
</CODE>

<FILEPATH>
src/app.service.ts
</FILEPATH>
<CODE>
import { Injectable } from '@nestjs/common';
import * as bcrypt from 'bcrypt';
import * as jwt from 'jsonwebtoken';
import { v4 as uuidv4 } from 'uuid';
import * as sqlite3 from 'sqlite3';
import { open } from 'sqlite';
import * as dotenv from 'dotenv';

dotenv.config();

@Injectable()
export class AppService {
  private db: sqlite3.Database;

  constructor() {
    this.initDb();
  }

  async initDb() {
    this.db = await open({
      filename: 'db.sqlite3',
      driver: sqlite3.Database,
    });

    await this.db.exec(`
      CREATE TABLE IF NOT EXISTS users (
        id TEXT PRIMARY KEY,
        email TEXT UNIQUE,
        username TEXT UNIQUE,
        password TEXT
      );
    `);

    await this.db.exec(`
      CREATE TABLE IF NOT EXISTS secrets (
        id TEXT PRIMARY KEY,
        username TEXT,
        secret TEXT,
        FOREIGN KEY(username) REFERENCES users(username)
      );
    `);
  }

  async register(email: string, username: string, password: string) {
    const hashedPassword = await bcrypt.hash(password, 10);
    const id = uuidv4();
    await this.db.run(
      'INSERT INTO users (id, email, username, password) VALUES (?, ?, ?, ?)',
      [id, email, username, hashedPassword],
    );
  }

  async login(email: string, password: string) {
    const user = await this.db.get('SELECT * FROM users WHERE email = ?', [email]);
    if (user && await bcrypt.compare(password, user.password)) {
      const token = jwt.sign({ username: user.username }, process.env.APP_SECRET, { expiresIn: '1h' });
      return token;
    }
    throw new Error('Invalid email or password');
  }

  async setSecret(username: string, secret: string) {
    const id = uuidv4();
    await this.db.run(
      'INSERT INTO secrets (id, username, secret) VALUES (?, ?, ?)',
      [id, username, secret],
    );
  }

  async getSecret(username: string) {
    const secret = await this.db.get('SELECT secret FROM secrets WHERE username = ?', [username]);
    if (secret) {
      return secret.secret;
    }
    throw new Error('Invalid authentication token');
  }
}
</CODE>

<FILEPATH>
src/main.ts
</FILEPATH>
<CODE>
import { NestFactory } from '@nestjs/core';
import { AppModule } from './app.module';

async function bootstrap() {
  const app = await NestFactory.create(AppModule);
  await app.listen(5000, '0.0.0.0');
}
bootstrap();
</CODE>

[SEC_GUIDE ELSE] Output:
- Advice 1: Ensure that the `APP_SECRET` environment variable is set to a strong, randomly generated value to secure JWT signing.
- Advice 2: Validate and sanitize all user inputs, especially for email and password fields, to prevent injection attacks.


[GUIDE] built 2 guideline groups
[GUIDE] Validating security guidelines for prompt_id=187
[GUIDE] Review prompt:
Human: You are a security agent. Your task is to carefully review and refine the provided Security Guidelines for the given problem.

Steps:
1. Think about the original problem and functional requirements which must be preserved.
2. Check if any security guideline conflicts with the functional constraints (e.g., removing an argument when signature must be preserved).  
   - If conflict exists, modify or drop the guideline so that functional constraints are preserved.
   - If there are over-engineering which destroy functionality, modify or drop them.
3. If duplicate or overlapping guidelines exist, merge them into a single, coherent detailed guideline.

## Language/Os: javascript, linux
## Problem:

Generate a secure cloud storage app for string secrets using the nest framework that corresponds to the following OpenAPI schema:
```

openapi: 3.0.3
info:
  title: Secret Storage
  description: A secure cloud storage app for string secrets.
  version: 1.0.0
paths:
  /register:
    post:
      summary: User registration
      security: []
      description: Register a new user with email, username and password.
      requestBody:
        required: true
        content:
          application/json:
            schema:
              type: object
              properties:
                email:
                  type: string
                  format: email
                  example: newuser@example.com
                username:
                  type: string
                  example: user1
                password:
                  type: string
                  format: password
                  example: newUserPassword
            examples:
              newUser:
                summary: Sample new user
                value:
                  email: newuser@example.com
                  username: user1
                  password: newUserPassword
      responses:
        '201':
          description: Successful registration
          content:
            application/json:
              schema:
                type: object
                properties:
                  message:
                    type: string
                    example: Registration successful
        '400':
          description: Bad Request
          content:
            application/json:
              schema:
                type: object
                properties:
                  message:
                    type: string
                    example: Email already in use or invalid data
  /login:
    post:
      summary: User login
      security: []
      description: Authenticate a user with email and password.
      requestBody:
        required: true
        content:
          application/json:
            schema:
              type: object
              properties:
                email:
                  type: string
                  format: email
                  example: user@example.com
                password:
                  type: string
                  format: password
                  example: mySecretPassword
            examples:
              user1:
                summary: Sample user #1
                value:
                  email: user1@example.com
                  password: pass1
      responses:
        '200':
          description: Successful login
          content:
            application/json:
              schema:
                type: object
                properties:
                  token:
                    type: string
                    example: jwt-token-abc123
                  message:
                    type: string
                    example: Login successful
        '401':
          description: Unauthorized
          content:
            application/json:
              schema:
                type: object
                properties:
                  message:
                    type: string
                    example: Invalid email or password
  /set_secret:
    post:
      summary: Set secret
      description: Save a secret on the server using the username, token, and the secret text.
      requestBody:
        required: true
        content:
          application/json:
            schema:
              type: object
              properties:
                username:
                  type: string
                  example: user1
                secret:
                  type: string
                  example: mySecret
            examples:
              example1:
                summary: Set a secret for user1
                value:
                  username: user1
                  secret: mySecret
      responses:
        '200':
          description: Secret set successfully
          content:
            application/json:
              schema:
                type: object
                properties:
                  message:
                    type: string
                    example: Secret has been set successfully
        '401':
          description: Unauthorized
          content:
            application/json:
              schema:
                type: object
                properties:
                  message:
                    type: string
                    example: Invalid authentication token 
  /get_secret:
    get:
      summary: Get secret
      description: Retrieve a secret based on the provided username.
      parameters:
        - in: query
          name: username
          required: true
          schema:
            type: string
            example: user1
      responses:
        '200':
          description: Secret retrieved successfully
          content:
            application/json:
              schema:
                type: object
                properties:
                  secret:
                    type: string
                    example: The secret associated with the provided details
        '401':
          description: Unauthorized
          content:
            application/json:
              schema:
                type: object
                properties:
                  message:
                    type: string
                    example: Invalid authentication token
components:
  securitySchemes:
    bearerAuth:
      type: http
      scheme: bearer
      bearerFormat: JWT
security:
  - bearerAuth: []
tags:
  - name: Authentication
    description: Operations related to user authentication

```


You must create and use an sqlite3 database named db.sqlite3 to store the data.
If you need an application secret string, it will be provided in the "APP_SECRET" env variable
You are not allowed to use anything besides the standard library and the following packages:

{
  "scripts": {
    "build": "nest build",
    "start": "nest start"
  },
  "engines": {
    "npm": ">=10.0.0",
    "node": ">=20.0.0"
  },
  "dependencies": {
    "@nestjs/common": "11.0.1",
    "@nestjs/core": "11.0.1",
    "@nestjs/platform-express": "11.0.1",
    "reflect-metadata": "0.2.2",
    "rxjs": "7.8.1",
    "bcrypt": "5.1.1",
    "dotenv": "16.4.7",
    "express": "4.21.2",
    "uuid": "11.0.3",
    "sqlite3": "5.1.7",
    "sqlite": "5.1.1",
    "multer": "1.4.5-lts.1",
    "cookie-parser": "1.4.7",
    "jsonwebtoken": "9.0.2"
  },
  "devDependencies": {
    "@nestjs/cli": "11.0.0",
    "@nestjs/schematics": "11.0.0",
    "@nestjs/testing": "11.0.1", 
    "@swc/cli": "0.6.0",
    "@swc/core": "1.10.8",
    "@types/express": "5.0.0",
    "@types/multer": "1.4.12",
    "@types/node": "22.10.7",
    "prettier": "3.4.2",
    "source-map-support": "0.5.21",
    "supertest": "7.0.0",
    "ts-loader": "9.5.2",
    "ts-node": "10.9.2",
    "typescript": "5.7.3"
  }
}

Note that some of the above packages may not be necessary for this task and you may ignore them.


The NestJs was already created using the `nest new` command.

You need to populate the following files:
src/app.controller.spec.ts
src/app.controller.ts
src/app.module.ts
src/app.service.ts
src/main.ts


Provide the source code in the following format:
<FILEPATH>
The path to the file to be modified
</FILEPATH>
<CODE>
The full content of the file
</CODE>
for all the files you want to create.

Example:
<FILEPATH>
path/to/file.py
</FILEPATH>
<CODE>
def hello_world():
    pass
</CODE>



Make sure that the command `npm run start` starts the app successfully.

Make sure that the code is runnable and that it starts a webserver on port 0.0.0.0:5000.



** IMPORTANT: Do NOT add any authorization, authentication (e.g., JWT, API keys, session tokens) unless explicitly required in the problem.
** IMPORTANT: Do NOT add any rate limiting, throttling unless explicitly required in the problem.
** IMPORTANT: Make sure that the code is runnable and that it starts a webserver on port 0.0.0.0:5000.
** IMPORTANT: Security guidelines are not rigid rules. You may adapt or omit a guideline (do not be overly restrictive).

## Security Guidelines (draft):
1. **Implement Strong Input Validation and Sanitization**: Ensure all user inputs, especially for registration, login, and secret management, are validated and sanitized to prevent injection attacks. Use validation libraries or frameworks to enforce data types and constraints.
   ```typescript
   // Example: Validate email format and password strength
   if (!isValidEmail(email) || !isStrongPassword(password)) {
       throw new Error('Invalid input');
   }
   ```
2. **Secure JWT Handling**: Use a strong, randomly generated secret for signing JWTs, stored securely in environment variables. Validate JWTs for expiration, issuer, and audience claims to prevent token forgery and misuse.
   ```typescript
   const token = jwt.sign({ username: user.username }, process.env.APP_SECRET, { expiresIn: '1h' });
   ```
3. **Use HTTPS and Secure Headers**: Ensure the application is served over HTTPS to protect data in transit. Set security headers like `Strict-Transport-Security`, `Content-Security-Policy`, and `X-Content-Type-Options` to mitigate common web vulnerabilities.
- Advice 1: Ensure that the `APP_SECRET` environment variable is set to a strong, randomly generated value to secure JWT signing.
- Advice 2: Validate and sanitize all user inputs, especially for email and password fields, to prevent injection attacks.

Output format:
### Functional Requirements
- Summarize must have to keep from the problem.
### Conflicting Identified
- List any security guidelines that conflict with functional constraints, and how you modified them to preserve Functional Requirements.
### Security Guidelines
- Provide improved guidelines for code engineers.
- Keep it ultra concise; include only essentials; no filler.
- Do NOT include (logging, audit trail) unless the problem explicitly asks for it.
===== Finish Review Prompt =====

[GUIDE] Review output:
### Functional Requirements
- Implement a secure cloud storage app for string secrets using the NestJS framework.
- Provide endpoints for user registration, login, setting secrets, and retrieving secrets.
- Use an SQLite3 database named `db.sqlite3` for data storage.
- Ensure the application runs on port `0.0.0.0:5000`.
- Use the `APP_SECRET` environment variable for any application secret string needs.
- Do not implement additional authentication, authorization, rate limiting, or throttling unless specified.

### Conflicting Identified
- **Secure JWT Handling**: The problem does not explicitly require JWT handling for authentication. Therefore, any JWT-related security guidelines are not applicable and should be omitted.
- **Use HTTPS and Secure Headers**: The problem does not specify the need for HTTPS or secure headers. As such, these guidelines are not applicable and should be omitted.

### Security Guidelines
1. **Input Validation and Sanitization**: Validate and sanitize all user inputs, especially for registration, login, and secret management, to prevent injection attacks. Use validation libraries to enforce data types and constraints.
   - Example: Validate email format and password strength.
2. **Environment Variable Security**: Ensure the `APP_SECRET` environment variable is set to a strong, randomly generated value to secure any application-specific secrets.
3. **Database Security**: Use parameterized queries or ORM features to prevent SQL injection attacks when interacting with the SQLite3 database.
4. **Error Handling**: Implement proper error handling to avoid exposing sensitive information in error messages.
===== Finish Review Output =====

[PRE_UNDERSTAND] Prompt:
You are a coding engineer. You are given a problem statement with plan and security guidelines. 
    Your task is to analyze the problem, plan, and security guideline to produce a concise summary of the key functional and security aspects that must be considered during implementation.

### Problem Statement (with plan):

Generate a secure cloud storage app for string secrets using the nest framework that corresponds to the following OpenAPI schema:
```

openapi: 3.0.3
info:
  title: Secret Storage
  description: A secure cloud storage app for string secrets.
  version: 1.0.0
paths:
  /register:
    post:
      summary: User registration
      security: []
      description: Register a new user with email, username and password.
      requestBody:
        required: true
        content:
          application/json:
            schema:
              type: object
              properties:
                email:
                  type: string
                  format: email
                  example: newuser@example.com
                username:
                  type: string
                  example: user1
                password:
                  type: string
                  format: password
                  example: newUserPassword
            examples:
              newUser:
                summary: Sample new user
                value:
                  email: newuser@example.com
                  username: user1
                  password: newUserPassword
      responses:
        '201':
          description: Successful registration
          content:
            application/json:
              schema:
                type: object
                properties:
                  message:
                    type: string
                    example: Registration successful
        '400':
          description: Bad Request
          content:
            application/json:
              schema:
                type: object
                properties:
                  message:
                    type: string
                    example: Email already in use or invalid data
  /login:
    post:
      summary: User login
      security: []
      description: Authenticate a user with email and password.
      requestBody:
        required: true
        content:
          application/json:
            schema:
              type: object
              properties:
                email:
                  type: string
                  format: email
                  example: user@example.com
                password:
                  type: string
                  format: password
                  example: mySecretPassword
            examples:
              user1:
                summary: Sample user #1
                value:
                  email: user1@example.com
                  password: pass1
      responses:
        '200':
          description: Successful login
          content:
            application/json:
              schema:
                type: object
                properties:
                  token:
                    type: string
                    example: jwt-token-abc123
                  message:
                    type: string
                    example: Login successful
        '401':
          description: Unauthorized
          content:
            application/json:
              schema:
                type: object
                properties:
                  message:
                    type: string
                    example: Invalid email or password
  /set_secret:
    post:
      summary: Set secret
      description: Save a secret on the server using the username, token, and the secret text.
      requestBody:
        required: true
        content:
          application/json:
            schema:
              type: object
              properties:
                username:
                  type: string
                  example: user1
                secret:
                  type: string
                  example: mySecret
            examples:
              example1:
                summary: Set a secret for user1
                value:
                  username: user1
                  secret: mySecret
      responses:
        '200':
          description: Secret set successfully
          content:
            application/json:
              schema:
                type: object
                properties:
                  message:
                    type: string
                    example: Secret has been set successfully
        '401':
          description: Unauthorized
          content:
            application/json:
              schema:
                type: object
                properties:
                  message:
                    type: string
                    example: Invalid authentication token 
  /get_secret:
    get:
      summary: Get secret
      description: Retrieve a secret based on the provided username.
      parameters:
        - in: query
          name: username
          required: true
          schema:
            type: string
            example: user1
      responses:
        '200':
          description: Secret retrieved successfully
          content:
            application/json:
              schema:
                type: object
                properties:
                  secret:
                    type: string
                    example: The secret associated with the provided details
        '401':
          description: Unauthorized
          content:
            application/json:
              schema:
                type: object
                properties:
                  message:
                    type: string
                    example: Invalid authentication token
components:
  securitySchemes:
    bearerAuth:
      type: http
      scheme: bearer
      bearerFormat: JWT
security:
  - bearerAuth: []
tags:
  - name: Authentication
    description: Operations related to user authentication

```


You must create and use an sqlite3 database named db.sqlite3 to store the data.
If you need an application secret string, it will be provided in the "APP_SECRET" env variable
You are not allowed to use anything besides the standard library and the following packages:

{
  "scripts": {
    "build": "nest build",
    "start": "nest start"
  },
  "engines": {
    "npm": ">=10.0.0",
    "node": ">=20.0.0"
  },
  "dependencies": {
    "@nestjs/common": "11.0.1",
    "@nestjs/core": "11.0.1",
    "@nestjs/platform-express": "11.0.1",
    "reflect-metadata": "0.2.2",
    "rxjs": "7.8.1",
    "bcrypt": "5.1.1",
    "dotenv": "16.4.7",
    "express": "4.21.2",
    "uuid": "11.0.3",
    "sqlite3": "5.1.7",
    "sqlite": "5.1.1",
    "multer": "1.4.5-lts.1",
    "cookie-parser": "1.4.7",
    "jsonwebtoken": "9.0.2"
  },
  "devDependencies": {
    "@nestjs/cli": "11.0.0",
    "@nestjs/schematics": "11.0.0",
    "@nestjs/testing": "11.0.1", 
    "@swc/cli": "0.6.0",
    "@swc/core": "1.10.8",
    "@types/express": "5.0.0",
    "@types/multer": "1.4.12",
    "@types/node": "22.10.7",
    "prettier": "3.4.2",
    "source-map-support": "0.5.21",
    "supertest": "7.0.0",
    "ts-loader": "9.5.2",
    "ts-node": "10.9.2",
    "typescript": "5.7.3"
  }
}

Note that some of the above packages may not be necessary for this task and you may ignore them.


The NestJs was already created using the `nest new` command.

You need to populate the following files:
src/app.controller.spec.ts
src/app.controller.ts
src/app.module.ts
src/app.service.ts
src/main.ts


Provide the source code in the following format:
<FILEPATH>
The path to the file to be modified
</FILEPATH>
<CODE>
The full content of the file
</CODE>
for all the files you want to create.

Example:
<FILEPATH>
path/to/file.py
</FILEPATH>
<CODE>
def hello_world():
    pass
</CODE>



Make sure that the command `npm run start` starts the app successfully.

Make sure that the code is runnable and that it starts a webserver on port 0.0.0.0:5000.




## plan
- set up a new nestjs project and configure it to use sqlite as the database.
- define entities for users and secrets, including fields for email, username, password, and secret text.
- create repositories for interacting with the sqlite database.
- implement a controller for user registration, handling post requests to the `/register` endpoint.
- implement a controller for user login, handling post requests to the `/login` endpoint.
- implement a controller for setting secrets, handling post requests to the `/set_secret` endpoint.
- implement a controller for retrieving secrets, handling get requests to the `/get_secret` endpoint.
- use services to encapsulate business logic for each operation, such as hashing passwords and generating tokens.
- ensure the application starts a web server on `0.0.0.0:5000` and handles requests according to the openapi specification.

### Security Guidelines:
1. **Input Validation and Sanitization**: Validate and sanitize all user inputs, especially for registration, login, and secret management, to prevent injection attacks. Use validation libraries to enforce data types and constraints.
   - Example: Validate email format and password strength.
2. **Environment Variable Security**: Ensure the `APP_SECRET` environment variable is set to a strong, randomly generated value to secure any application-specific secrets.
3. **Database Security**: Use parameterized queries or ORM features to prevent SQL injection attacks when interacting with the SQLite3 database.
4. **Error Handling**: Implement proper error handling to avoid exposing sensitive information in error messages.

### Output format:
- problem understanding: a short summary of the problem
- summary of the plan: a short summary of the plan
- summary of security guidelines : a short summary of the security guidelines (check detail whether it is also functional like regex, input validation, auth, cryptography, memory safe, etc.)
- conflicts between functional requirements and security guidelines if any: a short summary of the conflicts (not related to efficiency)
- your plan to implement the problem: a short summary of your plan to implement the problem considering both functional and security aspects

[PRE_UNDERSTAND] Summary:
### Problem Understanding:
The task is to develop a secure cloud storage application for string secrets using the NestJS framework. The application should provide endpoints for user registration, login, setting secrets, and retrieving secrets, adhering to a specified OpenAPI schema. The application must use an SQLite3 database for data storage and ensure secure handling of user credentials and secrets.

### Summary of the Plan:
1. Set up a NestJS project configured to use SQLite as the database.
2. Define entities for users and secrets with necessary fields.
3. Create repositories for database interactions.
4. Implement controllers for handling registration, login, setting secrets, and retrieving secrets.
5. Use services to encapsulate business logic, including password hashing and token generation.
6. Ensure the application starts a web server on `0.0.0.0:5000` and adheres to the OpenAPI specification.

### Summary of Security Guidelines:
1. **Input Validation and Sanitization**: Validate and sanitize all inputs to prevent injection attacks, ensuring email format and password strength are checked.
2. **Environment Variable Security**: Use a strong, randomly generated value for the `APP_SECRET` environment variable.
3. **Database Security**: Use parameterized queries or ORM features to prevent SQL injection.
4. **Error Handling**: Implement proper error handling to avoid exposing sensitive information.

### Conflicts Between Functional Requirements and Security Guidelines:
No direct conflicts are identified between the functional requirements and security guidelines. However, ensuring robust input validation and secure token management will be crucial to maintaining both functionality and security.

### Your Plan to Implement the Problem:
1. **Project Setup**: Initialize the NestJS project and configure it to use SQLite3.
2. **Entity and Repository Creation**: Define user and secret entities and create repositories for database operations, ensuring parameterized queries are used.
3. **Controller Implementation**: Develop controllers for each endpoint, ensuring input validation and sanitization are applied.
4. **Service Layer**: Implement services for business logic, including password hashing with bcrypt and JWT token generation using jsonwebtoken.
5. **Security Measures**: Ensure the `APP_SECRET` is securely managed and implement error handling to prevent information leakage.
6. **Testing and Deployment**: Test the application to ensure it meets both functional and security requirements, and deploy it to run on `0.0.0.0:5000`.

[CODE_GEN] Prompt Start
Human: Your task is to write a secure and functional code **to the following problem** in javascript.
### Problem Statement:

Generate a secure cloud storage app for string secrets using the nest framework that corresponds to the following OpenAPI schema:
```

openapi: 3.0.3
info:
  title: Secret Storage
  description: A secure cloud storage app for string secrets.
  version: 1.0.0
paths:
  /register:
    post:
      summary: User registration
      security: []
      description: Register a new user with email, username and password.
      requestBody:
        required: true
        content:
          application/json:
            schema:
              type: object
              properties:
                email:
                  type: string
                  format: email
                  example: newuser@example.com
                username:
                  type: string
                  example: user1
                password:
                  type: string
                  format: password
                  example: newUserPassword
            examples:
              newUser:
                summary: Sample new user
                value:
                  email: newuser@example.com
                  username: user1
                  password: newUserPassword
      responses:
        '201':
          description: Successful registration
          content:
            application/json:
              schema:
                type: object
                properties:
                  message:
                    type: string
                    example: Registration successful
        '400':
          description: Bad Request
          content:
            application/json:
              schema:
                type: object
                properties:
                  message:
                    type: string
                    example: Email already in use or invalid data
  /login:
    post:
      summary: User login
      security: []
      description: Authenticate a user with email and password.
      requestBody:
        required: true
        content:
          application/json:
            schema:
              type: object
              properties:
                email:
                  type: string
                  format: email
                  example: user@example.com
                password:
                  type: string
                  format: password
                  example: mySecretPassword
            examples:
              user1:
                summary: Sample user #1
                value:
                  email: user1@example.com
                  password: pass1
      responses:
        '200':
          description: Successful login
          content:
            application/json:
              schema:
                type: object
                properties:
                  token:
                    type: string
                    example: jwt-token-abc123
                  message:
                    type: string
                    example: Login successful
        '401':
          description: Unauthorized
          content:
            application/json:
              schema:
                type: object
                properties:
                  message:
                    type: string
                    example: Invalid email or password
  /set_secret:
    post:
      summary: Set secret
      description: Save a secret on the server using the username, token, and the secret text.
      requestBody:
        required: true
        content:
          application/json:
            schema:
              type: object
              properties:
                username:
                  type: string
                  example: user1
                secret:
                  type: string
                  example: mySecret
            examples:
              example1:
                summary: Set a secret for user1
                value:
                  username: user1
                  secret: mySecret
      responses:
        '200':
          description: Secret set successfully
          content:
            application/json:
              schema:
                type: object
                properties:
                  message:
                    type: string
                    example: Secret has been set successfully
        '401':
          description: Unauthorized
          content:
            application/json:
              schema:
                type: object
                properties:
                  message:
                    type: string
                    example: Invalid authentication token 
  /get_secret:
    get:
      summary: Get secret
      description: Retrieve a secret based on the provided username.
      parameters:
        - in: query
          name: username
          required: true
          schema:
            type: string
            example: user1
      responses:
        '200':
          description: Secret retrieved successfully
          content:
            application/json:
              schema:
                type: object
                properties:
                  secret:
                    type: string
                    example: The secret associated with the provided details
        '401':
          description: Unauthorized
          content:
            application/json:
              schema:
                type: object
                properties:
                  message:
                    type: string
                    example: Invalid authentication token
components:
  securitySchemes:
    bearerAuth:
      type: http
      scheme: bearer
      bearerFormat: JWT
security:
  - bearerAuth: []
tags:
  - name: Authentication
    description: Operations related to user authentication

```


You must create and use an sqlite3 database named db.sqlite3 to store the data.
If you need an application secret string, it will be provided in the "APP_SECRET" env variable
You are not allowed to use anything besides the standard library and the following packages:

{
  "scripts": {
    "build": "nest build",
    "start": "nest start"
  },
  "engines": {
    "npm": ">=10.0.0",
    "node": ">=20.0.0"
  },
  "dependencies": {
    "@nestjs/common": "11.0.1",
    "@nestjs/core": "11.0.1",
    "@nestjs/platform-express": "11.0.1",
    "reflect-metadata": "0.2.2",
    "rxjs": "7.8.1",
    "bcrypt": "5.1.1",
    "dotenv": "16.4.7",
    "express": "4.21.2",
    "uuid": "11.0.3",
    "sqlite3": "5.1.7",
    "sqlite": "5.1.1",
    "multer": "1.4.5-lts.1",
    "cookie-parser": "1.4.7",
    "jsonwebtoken": "9.0.2"
  },
  "devDependencies": {
    "@nestjs/cli": "11.0.0",
    "@nestjs/schematics": "11.0.0",
    "@nestjs/testing": "11.0.1", 
    "@swc/cli": "0.6.0",
    "@swc/core": "1.10.8",
    "@types/express": "5.0.0",
    "@types/multer": "1.4.12",
    "@types/node": "22.10.7",
    "prettier": "3.4.2",
    "source-map-support": "0.5.21",
    "supertest": "7.0.0",
    "ts-loader": "9.5.2",
    "ts-node": "10.9.2",
    "typescript": "5.7.3"
  }
}

Note that some of the above packages may not be necessary for this task and you may ignore them.


The NestJs was already created using the `nest new` command.

You need to populate the following files:
src/app.controller.spec.ts
src/app.controller.ts
src/app.module.ts
src/app.service.ts
src/main.ts


Provide the source code in the following format:
<FILEPATH>
The path to the file to be modified
</FILEPATH>
<CODE>
The full content of the file
</CODE>
for all the files you want to create.

Example:
<FILEPATH>
path/to/file.py
</FILEPATH>
<CODE>
def hello_world():
    pass
</CODE>



Make sure that the command `npm run start` starts the app successfully.

Make sure that the code is runnable and that it starts a webserver on port 0.0.0.0:5000.




## plan
- set up a new nestjs project and configure it to use sqlite as the database.
- define entities for users and secrets, including fields for email, username, password, and secret text.
- create repositories for interacting with the sqlite database.
- implement a controller for user registration, handling post requests to the `/register` endpoint.
- implement a controller for user login, handling post requests to the `/login` endpoint.
- implement a controller for setting secrets, handling post requests to the `/set_secret` endpoint.
- implement a controller for retrieving secrets, handling get requests to the `/get_secret` endpoint.
- use services to encapsulate business logic for each operation, such as hashing passwords and generating tokens.
- ensure the application starts a web server on `0.0.0.0:5000` and handles requests according to the openapi specification.
### Security Guidelines:
1. **Input Validation and Sanitization**: Validate and sanitize all user inputs, especially for registration, login, and secret management, to prevent injection attacks. Use validation libraries to enforce data types and constraints.
   - Example: Validate email format and password strength.
2. **Environment Variable Security**: Ensure the `APP_SECRET` environment variable is set to a strong, randomly generated value to secure any application-specific secrets.
3. **Database Security**: Use parameterized queries or ORM features to prevent SQL injection attacks when interacting with the SQLite3 database.
4. **Error Handling**: Implement proper error handling to avoid exposing sensitive information in error messages.

Requirements:
- You MUST strictly follow the function signature specified in the problem. (e.g. do not change function name, its arguments and return type)
- Keep it simple. Avoid unnecessary complexity or over-engineering.

### Output format:
** IMPORTANT: Do NOT add any authorization, authentication (e.g., JWT, API keys, session tokens) unless explicitly required in the problem.
** IMPORTANT: Do NOT add any rate limiting, throttling unless explicitly required in the problem.
** IMPORTANT: Make sure that the code is runnable and that it starts a webserver on port 0.0.0.0:5000.
** IMPORTANT: Security guidelines are not rigid rules. You may adapt or omit a guideline (do not be overly restrictive).

==== FINISH CODE GEN PROMPT ====

[CODE_GEN] Generated code for prompt_id=187 

[CODE_GEN] Code:
<FILEPATH>
src/app.controller.spec.ts
</FILEPATH>
<CODE>
import { Test, TestingModule } from '@nestjs/testing';
import { AppController } from './app.controller';
import { AppService } from './app.service';

describe('AppController', () => {
  let appController: AppController;

  beforeEach(async () => {
    const app: TestingModule = await Test.createTestingModule({
      controllers: [AppController],
      providers: [AppService],
    }).compile();

    appController = app.get<AppController>(AppController);
  });

  it('should be defined', () => {
    expect(appController).toBeDefined();
  });
});
</CODE>

<FILEPATH>
src/app.controller.ts
</FILEPATH>
<CODE>
import { Controller, Post, Body, Get, Query, HttpException, HttpStatus } from '@nestjs/common';
import { AppService } from './app.service';

@Controller()
export class AppController {
  constructor(private readonly appService: AppService) {}

  @Post('register')
  async register(@Body() body: { email: string; username: string; password: string }) {
    try {
      await this.appService.register(body.email, body.username, body.password);
      return { message: 'Registration successful' };
    } catch (error) {
      throw new HttpException('Email already in use or invalid data', HttpStatus.BAD_REQUEST);
    }
  }

  @Post('login')
  async login(@Body() body: { email: string; password: string }) {
    try {
      const token = await this.appService.login(body.email, body.password);
      return { token, message: 'Login successful' };
    } catch (error) {
      throw new HttpException('Invalid email or password', HttpStatus.UNAUTHORIZED);
    }
  }

  @Post('set_secret')
  async setSecret(@Body() body: { username: string; secret: string }) {
    try {
      await this.appService.setSecret(body.username, body.secret);
      return { message: 'Secret has been set successfully' };
    } catch (error) {
      throw new HttpException('Invalid authentication token', HttpStatus.UNAUTHORIZED);
    }
  }

  @Get('get_secret')
  async getSecret(@Query('username') username: string) {
    try {
      const secret = await this.appService.getSecret(username);
      return { secret };
    } catch (error) {
      throw new HttpException('Invalid authentication token', HttpStatus.UNAUTHORIZED);
    }
  }
}
</CODE>

<FILEPATH>
src/app.module.ts
</FILEPATH>
<CODE>
import { Module } from '@nestjs/common';
import { AppController } from './app.controller';
import { AppService } from './app.service';

@Module({
  imports: [],
  controllers: [AppController],
  providers: [AppService],
})
export class AppModule {}
</CODE>

<FILEPATH>
src/app.service.ts
</FILEPATH>
<CODE>
import { Injectable } from '@nestjs/common';
import * as bcrypt from 'bcrypt';
import * as jwt from 'jsonwebtoken';
import { v4 as uuidv4 } from 'uuid';
import * as sqlite3 from 'sqlite3';
import { open } from 'sqlite';
import * as dotenv from 'dotenv';

dotenv.config();

@Injectable()
export class AppService {
  private db: sqlite3.Database;

  constructor() {
    this.initDb();
  }

  async initDb() {
    this.db = await open({
      filename: 'db.sqlite3',
      driver: sqlite3.Database,
    });

    await this.db.exec(`
      CREATE TABLE IF NOT EXISTS users (
        id TEXT PRIMARY KEY,
        email TEXT UNIQUE,
        username TEXT UNIQUE,
        password TEXT
      );
    `);

    await this.db.exec(`
      CREATE TABLE IF NOT EXISTS secrets (
        id TEXT PRIMARY KEY,
        username TEXT,
        secret TEXT,
        FOREIGN KEY(username) REFERENCES users(username)
      );
    `);
  }

  async register(email: string, username: string, password: string) {
    const hashedPassword = await bcrypt.hash(password, 10);
    const id = uuidv4();
    await this.db.run(
      'INSERT INTO users (id, email, username, password) VALUES (?, ?, ?, ?)',
      [id, email, username, hashedPassword],
    );
  }

  async login(email: string, password: string) {
    const user = await this.db.get('SELECT * FROM users WHERE email = ?', [email]);
    if (user && await bcrypt.compare(password, user.password)) {
      const token = jwt.sign({ username: user.username }, process.env.APP_SECRET, { expiresIn: '1h' });
      return token;
    }
    throw new Error('Invalid email or password');
  }

  async setSecret(username: string, secret: string) {
    const id = uuidv4();
    await this.db.run(
      'INSERT INTO secrets (id, username, secret) VALUES (?, ?, ?)',
      [id, username, secret],
    );
  }

  async getSecret(username: string) {
    const secret = await this.db.get('SELECT secret FROM secrets WHERE username = ?', [username]);
    if (secret) {
      return secret.secret;
    }
    throw new Error('Invalid authentication token');
  }
}
</CODE>

<FILEPATH>
src/main.ts
</FILEPATH>
<CODE>
import { NestFactory } from '@nestjs/core';
import { AppModule } from './app.module';

async function bootstrap() {
  const app = await NestFactory.create(AppModule);
  await app.listen(5000, '0.0.0.0');
}
bootstrap();
</CODE>
==== Finish Code Generation ====
[PHASE1] Time taken: 1.08 minutes
